InterconnectorLinks,ToNode,Period,col3,InitialCap,Potential_expansion_(2030),Exponential_growth,Exp._Incl._Cap,Lowest,Highest,col10,col11,col12,col13,col14,col15,col16,col17,col18,col19,col20,col21,col22,col23
Borssele,Belgium,1,1,2255.8,0.0,50000.0,50000.0,0.0,0.0,Onshoreconnection,50000,MWtotal,,Offshorenodes,,,,,,,,,
Borssele,Belgium,2,1,2255.8,0.0,50000.0,50000.0,0.0,0.0,Offshore-offshoreconnection,0,MW/period,,FirthofForth,#,Link,From,To,From,To,Capacity(GW),Status¹,
Borssele,Belgium,3,1,2255.8,0.0,50000.0,50000.0,0.0,0.0,EnergyhubEU,1400,MW/period,,MorayFirth,1,NorthSeaLink,GB,NO(NO2),,,0,Constructed,1.4
Borssele,Belgium,4,1,2255.8,0.0,50000.0,50000.0,0.0,0.0,NOgasnodes,500,MWtotal,,DoggerBank,2,VikingLink,GB,DK(W),,,0,Constructed,1.4
Borssele,Belgium,5,1,2255.8,0.0,50000.0,50000.0,0.0,0.0,,,,,Hornsea,3,NeuConnectLink,GB,DE(NW),GreatBrit.,Germany,1.4,Underpermitting,1.4
Borssele,Belgium,6,1,2255.8,0.0,50000.0,50000.0,0.0,0.0,,,,,OuterDowsing,4,Multiplelinks(GB–FR),GB,FR,GreatBrit.,France,5.8,Underpermitting,5.8
Borssele,Belgium,7,1,2255.8,0.0,50000.0,50000.0,0.0,0.0,Maxexpansion,7,xexistingMW,,Norfolk,5,Avelin-Horta,FR,BE,France,Belgium,1.5,Underconsideration,1.5
Borssele,Belgium,8,1,2255.8,0.0,50000.0,50000.0,0.0,0.0,5-yeargrowthrate,0.1,Potentials,,EastAnglia,6,Vigy-Uchtelfangen,FR,DE(CS),France,Germany,3.7,Planned–notpermitted,3.7
Borssele,DoggerBank,1,2,0.0,0.0,0.0,0.0,0.0,0.0,Annualexpansionupperlimit,Growth(comparedtop1),Min[MW],Max[MW],Borssele,7,FR–CH(unnamed),FR,CH,Switzerland,France,0.6,Underconsideration,0.6
Borssele,DoggerBank,2,2,0.0,0.0,0.0,0.0,0.0,0.0,1,1,0,0,HollandseeKust,8,SACOI3,FR,IT,Italy,France,0.1,Underpermitting,0.1
Borssele,DoggerBank,3,2,0.0,0.0,0.0,0.0,0.0,0.0,2,1.6105100000000006,560,2800,HelgoländerBucht,9,Multiplelinks(IT–CH),IT,CH,Italy,Switzerland,1.7,Underpermitting,1.7
Borssele,DoggerBank,4,2,0.0,0.0,0.0,0.0,0.0,0.0,3,2.593742460100002,901.8856000000003,3500,Nordsøen,10,Multiplelinks(IT–AT),IT,AT,Italy,Austria,0.6,Underconstruction,0.6
Borssele,DoggerBank,5,2,0.0,0.0,0.0,0.0,0.0,0.0,4,4.177248169415655,1452.4957776560009,4200,UtsiraNord,11,CH–AT(unnamed),CH,AT,Switzerland,Austria,0.5,Underconsideration,0.5
Borssele,DoggerBank,6,2,0.0,0.0,0.0,0.0,0.0,0.0,5,6.727499949325609,2339.258974872767,4900,SørligeNordsjøI,12,CH–DE(CS)(unnamed),CH,DE(CS),Switzerland,Germany,0.8,Underconsideration,0.8
Borssele,DoggerBank,7,2,0.0,0.0,0.0,0.0,0.0,0.0,6,10.834705943388391,3767.399971622341,5600,SørligeNordsjøII,13,Multiplelinks(AT–DE(CS)),AT,DE(CS),Germany,Austria,2.5,Underpermitting,2.5
Borssele,DoggerBank,8,2,0.0,0.0,0.0,0.0,0.0,0.0,7,17.449402268886445,5600,6300,EnergyhubEU,14,DE(CS)–CZ(unnamed),DE(CS),CZ,Germany,CzechR,2.2,Underpermitting,2.2
Borssele,EastAnglia,1,2,0.0,0.0,0.0,0.0,0.0,0.0,8,28.10243684806432,6300,7000,Sleipner,15,Multiplelinks(DE(CS)–LU),DE(CS),LU,Luxemb.,Germany,1,Planned–notpermitted,1
Borssele,EastAnglia,2,2,0.0,0.0,0.0,0.0,0.0,0.0,,,,,Draupner,16,Multiplelinks(DE(CS)–NL),DE(CS),NL,Netherlands,Germany,0.7,Underconsideration,0.7
Borssele,EastAnglia,3,2,0.0,0.0,0.0,0.0,0.0,0.0,,,,,,17,Multiplelinks(DE(CS)–DE(NW)),DE(CS),DE(NW),,,10,Planned–notpermitted,10
Borssele,EastAnglia,4,2,0.0,0.0,0.0,0.0,0.0,0.0,,,,,,18,DE(CS)–DE(MW)(unnamed),DE(CS),DE(MW),,,7,Unknown,7
Borssele,EastAnglia,5,2,0.0,0.0,0.0,0.0,0.0,0.0,,,,,,19,Zuiddwest&Other,NL,BE,Netherlands,Belgium,2.9,Underpermitting,2.9
Borssele,EastAnglia,6,2,0.0,0.0,0.0,0.0,0.0,0.0,,,,,,20,OffshoreHybrid,NL,DE(NW),Netherlands,Germany,0.2,Underconsideration,0.2
Borssele,EastAnglia,7,2,0.0,0.0,0.0,0.0,0.0,0.0,,,,,,21,WestCoastline&Other,DE(NW),DK(W),Denmark,Germany,0,Underpermitting,1.9
Borssele,EastAnglia,8,2,0.0,0.0,0.0,0.0,0.0,0.0,,,,,,22,GERPOLImprovements,DE(ME),PL,Poland,Germany,2.2,Underconstruction,2.2
Borssele,FirthofForth,1,2,0.0,0.0,0.0,0.0,0.0,0.0,From,To,Period,Total,,23,DE(ME)–DE(NE)(unnamed),DE(ME),DE(NE),,,5.3,Unknown,5.3
Borssele,FirthofForth,2,2,0.0,0.0,0.0,0.0,0.0,0.0,GreatBrit.,Germany,1,0,,24,DE(NE)–PL(unnamed),DE(NE),PL,Poland,Germany,0.1,Underconstruction,0.1
Borssele,FirthofForth,3,2,0.0,0.0,0.0,0.0,0.0,0.0,GreatBrit.,Germany,2,1400,,25,KriegersFlakCGS,DE(NE),DK(East),Germany,Denmark,3.2,Underconsideration,3.2
Borssele,FirthofForth,4,2,0.0,0.0,0.0,0.0,0.0,0.0,GreatBrit.,Germany,3,1400,,26,HansaPowerBridgeI/II,DE(NE),SE(SE4),Sweden,Germany,0.7,Underpermitting,0.7
Borssele,FirthofForth,5,2,0.0,0.0,0.0,0.0,0.0,0.0,GreatBrit.,Germany,4,1400,,27,BalticStatesSync,PL,LT,Poland,Lithuania,2,Underconstruction,2
Borssele,FirthofForth,6,2,0.0,0.0,0.0,0.0,0.0,0.0,GreatBrit.,Germany,5,1400,,28,3ᵖʳᵈIC,LV,EE,Latvia,Estonia,0.7,Underconsideration,0.7
Borssele,FirthofForth,7,2,0.0,0.0,0.0,0.0,0.0,0.0,GreatBrit.,Germany,6,1400,,29,3ᵖʳᵈAC/4ᵗʰAC,FI,SE(SE1),,,?,Underpermitting,?
Borssele,FirthofForth,8,2,0.0,0.0,0.0,0.0,0.0,0.0,GreatBrit.,Germany,7,1400,,30,FI–SE(SE1)(unnamed),FI,SE(SE1),,,?,Underconsideration,?
Borssele,Hornsea,1,2,0.0,0.0,0.0,0.0,0.0,0.0,GreatBrit.,France,1,0,,31,Fenno-Skan3,FI,SE(SE3),Sweden,Finland,0.8,Underconsideration,0.8
Borssele,Hornsea,2,2,0.0,0.0,0.0,0.0,0.0,0.0,GreatBrit.,France,2,5800,,32,NO(NO3)–NO(NO4)(unnamed),NO(NO3),NO(NO4),NO3,NO4,1.2,Unknown,1.2
Borssele,Hornsea,3,2,0.0,0.0,0.0,0.0,0.0,0.0,GreatBrit.,France,3,5800,,,,,,,,,,
Borssele,Hornsea,4,2,0.0,0.0,0.0,0.0,0.0,0.0,GreatBrit.,France,4,5800,,,,,,,,,,
Borssele,Hornsea,5,2,0.0,0.0,0.0,0.0,0.0,0.0,GreatBrit.,France,5,5800,,,,,,,,,,
Borssele,Hornsea,6,2,0.0,0.0,0.0,0.0,0.0,0.0,GreatBrit.,France,6,5800,,,,,,,,,,
Borssele,Hornsea,7,2,0.0,0.0,0.0,0.0,0.0,0.0,GreatBrit.,France,7,5800,,,,,,,,,,
Borssele,Hornsea,8,2,0.0,0.0,0.0,0.0,0.0,0.0,France,Belgium,1,0,,,,,,,,,,
Borssele,MorayFirth,1,2,0.0,0.0,0.0,0.0,0.0,0.0,France,Belgium,2,1500,,,,,,,,,,
Borssele,MorayFirth,2,2,0.0,0.0,0.0,0.0,0.0,0.0,France,Belgium,3,1500,,,,,,,,,,
Borssele,MorayFirth,3,2,0.0,0.0,0.0,0.0,0.0,0.0,France,Belgium,4,1500,,,,,,,,,,
Borssele,MorayFirth,4,2,0.0,0.0,0.0,0.0,0.0,0.0,France,Belgium,5,1500,,,,,,,,,,
Borssele,MorayFirth,5,2,0.0,0.0,0.0,0.0,0.0,0.0,France,Belgium,6,1500,,,,,,,,,,
Borssele,MorayFirth,6,2,0.0,0.0,0.0,0.0,0.0,0.0,France,Belgium,7,1500,,,,,,,,,,
Borssele,MorayFirth,7,2,0.0,0.0,0.0,0.0,0.0,0.0,France,Germany,1,0,,,,,,,,,,
Borssele,MorayFirth,8,2,0.0,0.0,0.0,0.0,0.0,0.0,France,Germany,2,3700,,,,,,,,,,
Borssele,Netherlands,1,1,1483.5,0.0,50000.0,50000.0,0.0,0.0,France,Germany,3,3700,,,,,,,,,,
Borssele,Netherlands,2,1,1483.5,0.0,50000.0,50000.0,0.0,0.0,France,Germany,4,3700,,,,,,,,,,
Borssele,Netherlands,3,1,1483.5,0.0,50000.0,50000.0,0.0,0.0,France,Germany,5,3700,,,,,,,,,,
Borssele,Netherlands,4,1,1483.5,0.0,50000.0,50000.0,0.0,0.0,France,Germany,6,3700,,,,,,,,,,
Borssele,Netherlands,5,1,1483.5,0.0,50000.0,50000.0,0.0,0.0,France,Germany,7,3700,,,,,,,,,,
Borssele,Netherlands,6,1,1483.5,0.0,50000.0,50000.0,0.0,0.0,France,Switzerland,1,0,,,,,,,,,,
Borssele,Netherlands,7,1,1483.5,0.0,50000.0,50000.0,0.0,0.0,France,Switzerland,2,600,,,,,,,,,,
Borssele,Netherlands,8,1,1483.5,0.0,50000.0,50000.0,0.0,0.0,France,Switzerland,3,600,,,,,,,,,,
Borssele,Norfolk,1,2,0.0,0.0,0.0,0.0,0.0,0.0,France,Switzerland,4,600,,,,,,,,,,
Borssele,Norfolk,2,2,0.0,0.0,0.0,0.0,0.0,0.0,France,Switzerland,5,600,,,,,,,,,,
Borssele,Norfolk,3,2,0.0,0.0,0.0,0.0,0.0,0.0,France,Switzerland,6,600,,,,,,,,,,
Borssele,Norfolk,4,2,0.0,0.0,0.0,0.0,0.0,0.0,France,Switzerland,7,600,,,,,,,,,,
Borssele,Norfolk,5,2,0.0,0.0,0.0,0.0,0.0,0.0,Italy,France,1,0,,,,,,,,,,
Borssele,Norfolk,6,2,0.0,0.0,0.0,0.0,0.0,0.0,Italy,France,2,100,,,,,,,,,,
Borssele,Norfolk,7,2,0.0,0.0,0.0,0.0,0.0,0.0,Italy,France,3,100,,,,,,,,,,
Borssele,Norfolk,8,2,0.0,0.0,0.0,0.0,0.0,0.0,Italy,France,4,100,,,,,,,,,,
Borssele,OuterDowsing,1,2,0.0,0.0,0.0,0.0,0.0,0.0,Italy,France,5,100,,,,,,,,,,
Borssele,OuterDowsing,2,2,0.0,0.0,0.0,0.0,0.0,0.0,Italy,France,6,100,,,,,,,,,,
Borssele,OuterDowsing,3,2,0.0,0.0,0.0,0.0,0.0,0.0,Italy,France,7,100,,,,,,,,,,
Borssele,OuterDowsing,4,2,0.0,0.0,0.0,0.0,0.0,0.0,Italy,Switzerland,1,0,,,,,,,,,,
Borssele,OuterDowsing,5,2,0.0,0.0,0.0,0.0,0.0,0.0,Italy,Switzerland,2,1700,,,,,,,,,,
Borssele,OuterDowsing,6,2,0.0,0.0,0.0,0.0,0.0,0.0,Italy,Switzerland,3,1700,,,,,,,,,,
Borssele,OuterDowsing,7,2,0.0,0.0,0.0,0.0,0.0,0.0,Italy,Switzerland,4,1700,,,,,,,,,,
Borssele,OuterDowsing,8,2,0.0,0.0,0.0,0.0,0.0,0.0,Italy,Switzerland,5,1700,,,,,,,,,,
Croatia,BosniaH,1,0,615.0,0.0,615.0,615.0,0.0,0.0,Italy,Switzerland,6,1700,,,,,,,,,,
Croatia,BosniaH,2,0,615.0,0.0,990.4636500000004,1175.0,1175.0,3415.0,Italy,Switzerland,7,1700,,,,,,,,,,
Croatia,BosniaH,3,0,615.0,0.0,1595.151612961501,2076.8856000000005,2076.8856000000005,4305.0,Italy,Austria,1,0,,,,,,,,,,
Croatia,BosniaH,4,0,615.0,0.0,2569.007624190628,3529.3813776560014,3529.3813776560014,4305.0,Italy,Austria,2,600,,,,,,,,,,
Croatia,BosniaH,5,0,615.0,0.0,4137.41246883525,4305.0,4305.0,4305.0,Italy,Austria,3,600,,,,,,,,,,
Croatia,BosniaH,6,0,615.0,0.0,6663.344155183861,4305.0,4305.0,4305.0,Italy,Austria,4,600,,,,,,,,,,
Croatia,BosniaH,7,0,615.0,0.0,10731.382395365164,4305.0,4305.0,4305.0,Italy,Austria,5,600,,,,,,,,,,
Croatia,BosniaH,8,0,615.0,0.0,17282.998661559555,4305.0,4305.0,4305.0,Italy,Austria,6,600,,,,,,,,,,
CzechR,Austria,1,0,3000.0,0.0,3000.0,3000.0,0.0,0.0,Italy,Austria,7,600,,,,,,,,,,
CzechR,Austria,2,0,3000.0,0.0,4831.530000000002,4831.530000000002,3560.0,5800.0,Switzerland,Austria,1,0,,,,,,,,,,
CzechR,Austria,3,0,3000.0,0.0,7781.227380300005,7781.227380300005,4461.8856000000005,9300.0,Switzerland,Austria,2,500,,,,,,,,,,
CzechR,Austria,4,0,3000.0,0.0,12531.744508246966,12531.744508246966,5914.381377656002,13500.0,Switzerland,Austria,3,500,,,,,,,,,,
CzechR,Austria,5,0,3000.0,0.0,20182.49984797683,18400.0,8253.640352528768,18400.0,Switzerland,Austria,4,500,,,,,,,,,,
CzechR,Austria,6,0,3000.0,0.0,32504.117830165174,21000.0,12021.040324151109,21000.0,Switzerland,Austria,5,500,,,,,,,,,,
CzechR,Austria,7,0,3000.0,0.0,52348.206806659335,21000.0,17621.04032415111,21000.0,Switzerland,Austria,6,500,,,,,,,,,,
CzechR,Austria,8,0,3000.0,0.0,84307.31054419295,21000.0,21000.0,21000.0,Switzerland,Austria,7,500,,,,,,,,,,
Denmark,Germany,1,0,3215.0,0.0,3215.0,3215.0,0.0,0.0,Germany,Switzerland,1,0,,,,,,,,,,
Denmark,Germany,2,0,4215.0,3200.0,7415.0,7015.0,4775.0,7015.0,Germany,Switzerland,2,800,,,,,,,,,,
Denmark,Germany,3,0,4215.0,3200.0,11941.931650000004,10515.0,5676.8856000000005,10515.0,Germany,Switzerland,3,800,,,,,,,,,,
Denmark,Germany,4,0,4215.0,3200.0,19232.60034164151,14715.0,7129.381377656002,14715.0,Germany,Switzerland,4,800,,,,,,,,,,
Denmark,Germany,5,0,4215.0,3200.0,30974.29517621708,19615.0,9468.640352528768,19615.0,Germany,Switzerland,5,800,,,,,,,,,,
Denmark,Germany,6,0,4215.0,3200.0,49884.412124249386,25215.0,13236.040324151109,25215.0,Germany,Switzerland,6,800,,,,,,,,,,
Denmark,Germany,7,0,4215.0,3200.0,80339.3445702249,29505.0,18836.04032415111,29505.0,Germany,Switzerland,7,800,,,,,,,,,,
Denmark,Germany,8,0,4215.0,3200.0,129387.31782379295,29505.0,25136.04032415111,29505.0,Germany,Austria,1,0,,,,,,,,,,
DoggerBank,FirthofForth,1,2,0.0,0.0,0.0,0.0,0.0,0.0,Germany,Austria,2,2500,,,,,,,,,,
DoggerBank,FirthofForth,2,2,0.0,0.0,0.0,0.0,0.0,0.0,Germany,Austria,3,2500,,,,,,,,,,
DoggerBank,FirthofForth,3,2,0.0,0.0,0.0,0.0,0.0,0.0,Germany,Austria,4,2500,,,,,,,,,,
DoggerBank,FirthofForth,4,2,0.0,0.0,0.0,0.0,0.0,0.0,Germany,Austria,5,2500,,,,,,,,,,
DoggerBank,FirthofForth,5,2,0.0,0.0,0.0,0.0,0.0,0.0,Germany,Austria,6,2500,,,,,,,,,,
DoggerBank,FirthofForth,6,2,0.0,0.0,0.0,0.0,0.0,0.0,Germany,Austria,7,2500,,,,,,,,,,
DoggerBank,FirthofForth,7,2,0.0,0.0,0.0,0.0,0.0,0.0,Germany,CzechR,1,0,,,,,,,,,,
DoggerBank,FirthofForth,8,2,0.0,0.0,0.0,0.0,0.0,0.0,Germany,CzechR,2,2200,,,,,,,,,,
DoggerBank,GreatBrit.,1,1,0.0,0.0,50000.0,50000.0,0.0,0.0,Germany,CzechR,3,2200,,,,,,,,,,
DoggerBank,GreatBrit.,2,1,0.0,0.0,50000.0,50000.0,0.0,0.0,Germany,CzechR,4,2200,,,,,,,,,,
DoggerBank,GreatBrit.,3,1,0.0,0.0,50000.0,50000.0,0.0,0.0,Germany,CzechR,5,2200,,,,,,,,,,
DoggerBank,GreatBrit.,4,1,0.0,0.0,50000.0,50000.0,0.0,0.0,Germany,CzechR,6,2200,,,,,,,,,,
DoggerBank,GreatBrit.,5,1,0.0,0.0,50000.0,50000.0,0.0,0.0,Germany,CzechR,7,2200,,,,,,,,,,
DoggerBank,GreatBrit.,6,1,0.0,0.0,50000.0,50000.0,0.0,0.0,Luxemb.,Germany,1,0,,,,,,,,,,
DoggerBank,GreatBrit.,7,1,0.0,0.0,50000.0,50000.0,0.0,0.0,Luxemb.,Germany,2,1000,,,,,,,,,,
DoggerBank,GreatBrit.,8,1,0.0,0.0,50000.0,50000.0,0.0,0.0,Luxemb.,Germany,3,1000,,,,,,,,,,
DoggerBank,MorayFirth,1,2,0.0,0.0,0.0,0.0,0.0,0.0,Luxemb.,Germany,4,1000,,,,,,,,,,
DoggerBank,MorayFirth,2,2,0.0,0.0,0.0,0.0,0.0,0.0,Luxemb.,Germany,5,1000,,,,,,,,,,
DoggerBank,MorayFirth,3,2,0.0,0.0,0.0,0.0,0.0,0.0,Luxemb.,Germany,6,1000,,,,,,,,,,
DoggerBank,MorayFirth,4,2,0.0,0.0,0.0,0.0,0.0,0.0,Luxemb.,Germany,7,1000,,,,,,,,,,
DoggerBank,MorayFirth,5,2,0.0,0.0,0.0,0.0,0.0,0.0,Netherlands,Germany,1,0,,,,,,,,,,
DoggerBank,MorayFirth,6,2,0.0,0.0,0.0,0.0,0.0,0.0,Netherlands,Germany,2,899.9999999999999,,,,,,,,,,
DoggerBank,MorayFirth,7,2,0.0,0.0,0.0,0.0,0.0,0.0,Netherlands,Germany,3,899.9999999999999,,,,,,,,,,
DoggerBank,MorayFirth,8,2,0.0,0.0,0.0,0.0,0.0,0.0,Netherlands,Germany,4,899.9999999999999,,,,,,,,,,
EastAnglia,DoggerBank,1,2,0.0,0.0,0.0,0.0,0.0,0.0,Netherlands,Germany,5,899.9999999999999,,,,,,,,,,
EastAnglia,DoggerBank,2,2,0.0,0.0,0.0,0.0,0.0,0.0,Netherlands,Germany,6,899.9999999999999,,,,,,,,,,
EastAnglia,DoggerBank,3,2,0.0,0.0,0.0,0.0,0.0,0.0,Netherlands,Germany,7,899.9999999999999,,,,,,,,,,
EastAnglia,DoggerBank,4,2,0.0,0.0,0.0,0.0,0.0,0.0,Netherlands,Belgium,1,0,,,,,,,,,,
EastAnglia,DoggerBank,5,2,0.0,0.0,0.0,0.0,0.0,0.0,Netherlands,Belgium,2,2900,,,,,,,,,,
EastAnglia,DoggerBank,6,2,0.0,0.0,0.0,0.0,0.0,0.0,Netherlands,Belgium,3,2900,,,,,,,,,,
EastAnglia,DoggerBank,7,2,0.0,0.0,0.0,0.0,0.0,0.0,Netherlands,Belgium,4,2900,,,,,,,,,,
EastAnglia,DoggerBank,8,2,0.0,0.0,0.0,0.0,0.0,0.0,Netherlands,Belgium,5,2900,,,,,,,,,,
EastAnglia,FirthofForth,1,2,0.0,0.0,0.0,0.0,0.0,0.0,Netherlands,Belgium,6,2900,,,,,,,,,,
EastAnglia,FirthofForth,2,2,0.0,0.0,0.0,0.0,0.0,0.0,Netherlands,Belgium,7,2900,,,,,,,,,,
EastAnglia,FirthofForth,3,2,0.0,0.0,0.0,0.0,0.0,0.0,Denmark,Germany,1,0,,,,,,,,,,
EastAnglia,FirthofForth,4,2,0.0,0.0,0.0,0.0,0.0,0.0,Denmark,Germany,2,3200,,,,,,,,,,
EastAnglia,FirthofForth,5,2,0.0,0.0,0.0,0.0,0.0,0.0,Denmark,Germany,3,3200,,,,,,,,,,
EastAnglia,FirthofForth,6,2,0.0,0.0,0.0,0.0,0.0,0.0,Denmark,Germany,4,3200,,,,,,,,,,
EastAnglia,FirthofForth,7,2,0.0,0.0,0.0,0.0,0.0,0.0,Denmark,Germany,5,3200,,,,,,,,,,
EastAnglia,FirthofForth,8,2,0.0,0.0,0.0,0.0,0.0,0.0,Denmark,Germany,6,3200,,,,,,,,,,
EastAnglia,GreatBrit.,1,1,2812.3,0.0,50000.0,50000.0,0.0,0.0,Denmark,Germany,7,3200,,,,,,,,,,
EastAnglia,GreatBrit.,2,1,2812.3,0.0,50000.0,50000.0,0.0,0.0,Poland,Germany,1,0,,,,,,,,,,
EastAnglia,GreatBrit.,3,1,2812.3,0.0,50000.0,50000.0,0.0,0.0,Poland,Germany,2,2300.0000000000005,,,,,,,,,,
EastAnglia,GreatBrit.,4,1,2812.3,0.0,50000.0,50000.0,0.0,0.0,Poland,Germany,3,2300.0000000000005,,,,,,,,,,
EastAnglia,GreatBrit.,5,1,2812.3,0.0,50000.0,50000.0,0.0,0.0,Poland,Germany,4,2300.0000000000005,,,,,,,,,,
EastAnglia,GreatBrit.,6,1,2812.3,0.0,50000.0,50000.0,0.0,0.0,Poland,Germany,5,2300.0000000000005,,,,,,,,,,
EastAnglia,GreatBrit.,7,1,2812.3,0.0,50000.0,50000.0,0.0,0.0,Poland,Germany,6,2300.0000000000005,,,,,,,,,,
EastAnglia,GreatBrit.,8,1,2812.3,0.0,50000.0,50000.0,0.0,0.0,Poland,Germany,7,2300.0000000000005,,,,,,,,,,
EastAnglia,Hornsea,1,2,0.0,0.0,0.0,0.0,0.0,0.0,Sweden,Germany,1,0,,,,,,,,,,
EastAnglia,Hornsea,2,2,0.0,0.0,0.0,0.0,0.0,0.0,Sweden,Germany,2,700,,,,,,,,,,
EastAnglia,Hornsea,3,2,0.0,0.0,0.0,0.0,0.0,0.0,Sweden,Germany,3,700,,,,,,,,,,
EastAnglia,Hornsea,4,2,0.0,0.0,0.0,0.0,0.0,0.0,Sweden,Germany,4,700,,,,,,,,,,
EastAnglia,Hornsea,5,2,0.0,0.0,0.0,0.0,0.0,0.0,Sweden,Germany,5,700,,,,,,,,,,
EastAnglia,Hornsea,6,2,0.0,0.0,0.0,0.0,0.0,0.0,Sweden,Germany,6,700,,,,,,,,,,
EastAnglia,Hornsea,7,2,0.0,0.0,0.0,0.0,0.0,0.0,Sweden,Germany,7,700,,,,,,,,,,
EastAnglia,Hornsea,8,2,0.0,0.0,0.0,0.0,0.0,0.0,Poland,Lithuania,1,0,,,,,,,,,,
EastAnglia,MorayFirth,1,2,0.0,0.0,0.0,0.0,0.0,0.0,Poland,Lithuania,2,2000,,,,,,,,,,
EastAnglia,MorayFirth,2,2,0.0,0.0,0.0,0.0,0.0,0.0,Poland,Lithuania,3,2000,,,,,,,,,,
EastAnglia,MorayFirth,3,2,0.0,0.0,0.0,0.0,0.0,0.0,Poland,Lithuania,4,2000,,,,,,,,,,
EastAnglia,MorayFirth,4,2,0.0,0.0,0.0,0.0,0.0,0.0,Poland,Lithuania,5,2000,,,,,,,,,,
EastAnglia,MorayFirth,5,2,0.0,0.0,0.0,0.0,0.0,0.0,Poland,Lithuania,6,2000,,,,,,,,,,
EastAnglia,MorayFirth,6,2,0.0,0.0,0.0,0.0,0.0,0.0,Poland,Lithuania,7,2000,,,,,,,,,,
EastAnglia,MorayFirth,7,2,0.0,0.0,0.0,0.0,0.0,0.0,Latvia,Estonia,1,0,,,,,,,,,,
EastAnglia,MorayFirth,8,2,0.0,0.0,0.0,0.0,0.0,0.0,Latvia,Estonia,2,700,,,,,,,,,,
EastAnglia,Norfolk,1,2,0.0,0.0,0.0,0.0,0.0,0.0,Latvia,Estonia,3,700,,,,,,,,,,
EastAnglia,Norfolk,2,2,0.0,0.0,0.0,0.0,0.0,0.0,Latvia,Estonia,4,700,,,,,,,,,,
EastAnglia,Norfolk,3,2,0.0,0.0,0.0,0.0,0.0,0.0,Latvia,Estonia,5,700,,,,,,,,,,
EastAnglia,Norfolk,4,2,0.0,0.0,0.0,0.0,0.0,0.0,Latvia,Estonia,6,700,,,,,,,,,,
EastAnglia,Norfolk,5,2,0.0,0.0,0.0,0.0,0.0,0.0,Latvia,Estonia,7,700,,,,,,,,,,
EastAnglia,Norfolk,6,2,0.0,0.0,0.0,0.0,0.0,0.0,Sweden,Finland,1,0,,,,,,,,,,
EastAnglia,Norfolk,7,2,0.0,0.0,0.0,0.0,0.0,0.0,Sweden,Finland,2,800,,,,,,,,,,
EastAnglia,Norfolk,8,2,0.0,0.0,0.0,0.0,0.0,0.0,Sweden,Finland,3,800,,,,,,,,,,
EastAnglia,OuterDowsing,1,2,0.0,0.0,0.0,0.0,0.0,0.0,Sweden,Finland,4,800,,,,,,,,,,
EastAnglia,OuterDowsing,2,2,0.0,0.0,0.0,0.0,0.0,0.0,Sweden,Finland,5,800,,,,,,,,,,
EastAnglia,OuterDowsing,3,2,0.0,0.0,0.0,0.0,0.0,0.0,Sweden,Finland,6,800,,,,,,,,,,
EastAnglia,OuterDowsing,4,2,0.0,0.0,0.0,0.0,0.0,0.0,Sweden,Finland,7,800,,,,,,,,,,
EastAnglia,OuterDowsing,5,2,0.0,0.0,0.0,0.0,0.0,0.0,NO4,NO3,1,0,,,,,,,,,,
EastAnglia,OuterDowsing,6,2,0.0,0.0,0.0,0.0,0.0,0.0,NO4,NO3,2,1200,,,,,,,,,,
EastAnglia,OuterDowsing,7,2,0.0,0.0,0.0,0.0,0.0,0.0,NO4,NO3,3,1200,,,,,,,,,,
EastAnglia,OuterDowsing,8,2,0.0,0.0,0.0,0.0,0.0,0.0,NO4,NO3,4,1200,,,,,,,,,,
EnergyhubEU,Belgium,1,0,0.0,0.0,0.0,0.0,0.0,0.0,NO4,NO3,5,1200,,,,,,,,,,
EnergyhubEU,Belgium,2,0,0.0,0.0,1400.0,1400.0,560.0,2800.0,NO4,NO3,6,1200,,,,,,,,,,
EnergyhubEU,Belgium,3,0,0.0,0.0,2800.0,2800.0,1461.8856000000003,6300.0,NO4,NO3,7,1200,,,,,,,,,,
EnergyhubEU,Belgium,4,0,0.0,0.0,4200.0,4200.0,2914.381377656001,9800.0,,,,,,,,,,,,,,
EnergyhubEU,Belgium,5,0,0.0,0.0,5600.0,5600.0,5253.640352528768,9800.0,,,,,,,,,,,,,,
EnergyhubEU,Belgium,6,0,0.0,0.0,7000.0,9021.040324151109,9021.040324151109,9800.0,,,,,,,,,,,,,,
EnergyhubEU,Belgium,7,0,0.0,0.0,8400.0,9800.0,9800.0,9800.0,,,,,,,,,,,,,,
EnergyhubEU,Belgium,8,0,0.0,0.0,9800.0,9800.0,9800.0,9800.0,,,,,,,,,,,,,,
EnergyhubEU,Borssele,1,1,0.0,0.0,0.0,0.0,0.0,0.0,,,,,,,,,,,,,,
EnergyhubEU,Borssele,2,1,0.0,0.0,1400.0,1400.0,0.0,0.0,,,,,,,,,,,,,,
EnergyhubEU,Borssele,3,1,0.0,0.0,2800.0,2800.0,0.0,0.0,,,,,,,,,,,,,,
EnergyhubEU,Borssele,4,1,0.0,0.0,4200.0,4200.0,0.0,0.0,,,,,,,,,,,,,,
EnergyhubEU,Borssele,5,1,0.0,0.0,5600.0,5600.0,0.0,0.0,,,,,,,,,,,,,,
EnergyhubEU,Borssele,6,1,0.0,0.0,7000.0,7000.0,0.0,0.0,,,,,,,,,,,,,,
EnergyhubEU,Borssele,7,1,0.0,0.0,8400.0,8400.0,0.0,0.0,,,,,,,,,,,,,,
EnergyhubEU,Borssele,8,1,0.0,0.0,9800.0,9800.0,0.0,0.0,,,,,,,,,,,,,,
EnergyhubEU,Denmark,1,0,0.0,0.0,0.0,0.0,0.0,0.0,,,,,,,,,,,,,,
EnergyhubEU,Denmark,2,0,0.0,0.0,1400.0,1400.0,560.0,2800.0,,,,,,,,,,,,,,
EnergyhubEU,Denmark,3,0,0.0,0.0,2800.0,2800.0,1461.8856000000003,6300.0,,,,,,,,,,,,,,
EnergyhubEU,Denmark,4,0,0.0,0.0,4200.0,4200.0,2914.381377656001,9800.0,,,,,,,,,,,,,,
EnergyhubEU,Denmark,5,0,0.0,0.0,5600.0,5600.0,5253.640352528768,9800.0,,,,,,,,,,,,,,
EnergyhubEU,Denmark,6,0,0.0,0.0,7000.0,9021.040324151109,9021.040324151109,9800.0,,,,,,,,,,,,,,
EnergyhubEU,Denmark,7,0,0.0,0.0,8400.0,9800.0,9800.0,9800.0,,,,,,,,,,,,,,
EnergyhubEU,Denmark,8,0,0.0,0.0,9800.0,9800.0,9800.0,9800.0,,,,,,,,,,,,,,
EnergyhubEU,DoggerBank,1,1,0.0,0.0,0.0,0.0,0.0,0.0,,,,,,,,,,,,,,
EnergyhubEU,DoggerBank,2,1,0.0,0.0,1400.0,1400.0,0.0,0.0,,,,,,,,,,,,,,
EnergyhubEU,DoggerBank,3,1,0.0,0.0,2800.0,2800.0,0.0,0.0,,,,,,,,,,,,,,
EnergyhubEU,DoggerBank,4,1,0.0,0.0,4200.0,4200.0,0.0,0.0,,,,,,,,,,,,,,
EnergyhubEU,DoggerBank,5,1,0.0,0.0,5600.0,5600.0,0.0,0.0,,,,,,,,,,,,,,
EnergyhubEU,DoggerBank,6,1,0.0,0.0,7000.0,7000.0,0.0,0.0,,,,,,,,,,,,,,
EnergyhubEU,DoggerBank,7,1,0.0,0.0,8400.0,8400.0,0.0,0.0,,,,,,,,,,,,,,
EnergyhubEU,DoggerBank,8,1,0.0,0.0,9800.0,9800.0,0.0,0.0,,,,,,,,,,,,,,
EnergyhubEU,EastAnglia,1,1,0.0,0.0,0.0,0.0,0.0,0.0,,,,,,,,,,,,,,
EnergyhubEU,EastAnglia,2,1,0.0,0.0,1400.0,1400.0,0.0,0.0,,,,,,,,,,,,,,
EnergyhubEU,EastAnglia,3,1,0.0,0.0,2800.0,2800.0,0.0,0.0,,,,,,,,,,,,,,
EnergyhubEU,EastAnglia,4,1,0.0,0.0,4200.0,4200.0,0.0,0.0,,,,,,,,,,,,,,
EnergyhubEU,EastAnglia,5,1,0.0,0.0,5600.0,5600.0,0.0,0.0,,,,,,,,,,,,,,
EnergyhubEU,EastAnglia,6,1,0.0,0.0,7000.0,7000.0,0.0,0.0,,,,,,,,,,,,,,
EnergyhubEU,EastAnglia,7,1,0.0,0.0,8400.0,8400.0,0.0,0.0,,,,,,,,,,,,,,
EnergyhubEU,EastAnglia,8,1,0.0,0.0,9800.0,9800.0,0.0,0.0,,,,,,,,,,,,,,
EnergyhubEU,FirthofForth,1,1,0.0,0.0,0.0,0.0,0.0,0.0,,,,,,,,,,,,,,
EnergyhubEU,FirthofForth,2,1,0.0,0.0,1400.0,1400.0,0.0,0.0,,,,,,,,,,,,,,
EnergyhubEU,FirthofForth,3,1,0.0,0.0,2800.0,2800.0,0.0,0.0,,,,,,,,,,,,,,
EnergyhubEU,FirthofForth,4,1,0.0,0.0,4200.0,4200.0,0.0,0.0,,,,,,,,,,,,,,
EnergyhubEU,FirthofForth,5,1,0.0,0.0,5600.0,5600.0,0.0,0.0,,,,,,,,,,,,,,
EnergyhubEU,FirthofForth,6,1,0.0,0.0,7000.0,7000.0,0.0,0.0,,,,,,,,,,,,,,
EnergyhubEU,FirthofForth,7,1,0.0,0.0,8400.0,8400.0,0.0,0.0,,,,,,,,,,,,,,
EnergyhubEU,FirthofForth,8,1,0.0,0.0,9800.0,9800.0,0.0,0.0,,,,,,,,,,,,,,
EnergyhubEU,Germany,1,0,0.0,0.0,0.0,0.0,0.0,0.0,,,,,,,,,,,,,,
EnergyhubEU,Germany,2,0,0.0,0.0,1400.0,1400.0,560.0,2800.0,,,,,,,,,,,,,,
EnergyhubEU,Germany,3,0,0.0,0.0,2800.0,2800.0,1461.8856000000003,6300.0,,,,,,,,,,,,,,
EnergyhubEU,Germany,4,0,0.0,0.0,4200.0,4200.0,2914.381377656001,9800.0,,,,,,,,,,,,,,
EnergyhubEU,Germany,5,0,0.0,0.0,5600.0,5600.0,5253.640352528768,9800.0,,,,,,,,,,,,,,
EnergyhubEU,Germany,6,0,0.0,0.0,7000.0,9021.040324151109,9021.040324151109,9800.0,,,,,,,,,,,,,,
EnergyhubEU,Germany,7,0,0.0,0.0,8400.0,9800.0,9800.0,9800.0,,,,,,,,,,,,,,
EnergyhubEU,Germany,8,0,0.0,0.0,9800.0,9800.0,9800.0,9800.0,,,,,,,,,,,,,,
EnergyhubEU,GreatBrit.,1,0,0.0,0.0,0.0,0.0,0.0,0.0,,,,,,,,,,,,,,
EnergyhubEU,GreatBrit.,2,0,0.0,0.0,1400.0,1400.0,560.0,2800.0,,,,,,,,,,,,,,
EnergyhubEU,GreatBrit.,3,0,0.0,0.0,2800.0,2800.0,1461.8856000000003,6300.0,,,,,,,,,,,,,,
EnergyhubEU,GreatBrit.,4,0,0.0,0.0,4200.0,4200.0,2914.381377656001,9800.0,,,,,,,,,,,,,,
EnergyhubEU,GreatBrit.,5,0,0.0,0.0,5600.0,5600.0,5253.640352528768,9800.0,,,,,,,,,,,,,,
EnergyhubEU,GreatBrit.,6,0,0.0,0.0,7000.0,9021.040324151109,9021.040324151109,9800.0,,,,,,,,,,,,,,
EnergyhubEU,GreatBrit.,7,0,0.0,0.0,8400.0,9800.0,9800.0,9800.0,,,,,,,,,,,,,,
EnergyhubEU,GreatBrit.,8,0,0.0,0.0,9800.0,9800.0,9800.0,9800.0,,,,,,,,,,,,,,
EnergyhubEU,HelgoländerBucht,1,1,0.0,0.0,0.0,0.0,0.0,0.0,,,,,,,,,,,,,,
EnergyhubEU,HelgoländerBucht,2,1,0.0,0.0,1400.0,1400.0,0.0,0.0,,,,,,,,,,,,,,
EnergyhubEU,HelgoländerBucht,3,1,0.0,0.0,2800.0,2800.0,0.0,0.0,,,,,,,,,,,,,,
EnergyhubEU,HelgoländerBucht,4,1,0.0,0.0,4200.0,4200.0,0.0,0.0,,,,,,,,,,,,,,
EnergyhubEU,HelgoländerBucht,5,1,0.0,0.0,5600.0,5600.0,0.0,0.0,,,,,,,,,,,,,,
EnergyhubEU,HelgoländerBucht,6,1,0.0,0.0,7000.0,7000.0,0.0,0.0,,,,,,,,,,,,,,
EnergyhubEU,HelgoländerBucht,7,1,0.0,0.0,8400.0,8400.0,0.0,0.0,,,,,,,,,,,,,,
EnergyhubEU,HelgoländerBucht,8,1,0.0,0.0,9800.0,9800.0,0.0,0.0,,,,,,,,,,,,,,
EnergyhubEU,HollandseeKust,1,1,0.0,0.0,0.0,0.0,0.0,0.0,,,,,,,,,,,,,,
EnergyhubEU,HollandseeKust,2,1,0.0,0.0,1400.0,1400.0,0.0,0.0,,,,,,,,,,,,,,
EnergyhubEU,HollandseeKust,3,1,0.0,0.0,2800.0,2800.0,0.0,0.0,,,,,,,,,,,,,,
EnergyhubEU,HollandseeKust,4,1,0.0,0.0,4200.0,4200.0,0.0,0.0,,,,,,,,,,,,,,
EnergyhubEU,HollandseeKust,5,1,0.0,0.0,5600.0,5600.0,0.0,0.0,,,,,,,,,,,,,,
EnergyhubEU,HollandseeKust,6,1,0.0,0.0,7000.0,7000.0,0.0,0.0,,,,,,,,,,,,,,
EnergyhubEU,HollandseeKust,7,1,0.0,0.0,8400.0,8400.0,0.0,0.0,,,,,,,,,,,,,,
EnergyhubEU,HollandseeKust,8,1,0.0,0.0,9800.0,9800.0,0.0,0.0,,,,,,,,,,,,,,
EnergyhubEU,Hornsea,1,1,0.0,0.0,0.0,0.0,0.0,0.0,,,,,,,,,,,,,,
EnergyhubEU,Hornsea,2,1,0.0,0.0,1400.0,1400.0,0.0,0.0,,,,,,,,,,,,,,
EnergyhubEU,Hornsea,3,1,0.0,0.0,2800.0,2800.0,0.0,0.0,,,,,,,,,,,,,,
EnergyhubEU,Hornsea,4,1,0.0,0.0,4200.0,4200.0,0.0,0.0,,,,,,,,,,,,,,
EnergyhubEU,Hornsea,5,1,0.0,0.0,5600.0,5600.0,0.0,0.0,,,,,,,,,,,,,,
EnergyhubEU,Hornsea,6,1,0.0,0.0,7000.0,7000.0,0.0,0.0,,,,,,,,,,,,,,
EnergyhubEU,Hornsea,7,1,0.0,0.0,8400.0,8400.0,0.0,0.0,,,,,,,,,,,,,,
EnergyhubEU,Hornsea,8,1,0.0,0.0,9800.0,9800.0,0.0,0.0,,,,,,,,,,,,,,
EnergyhubEU,MorayFirth,1,1,0.0,0.0,0.0,0.0,0.0,0.0,,,,,,,,,,,,,,
EnergyhubEU,MorayFirth,2,1,0.0,0.0,1400.0,1400.0,0.0,0.0,,,,,,,,,,,,,,
EnergyhubEU,MorayFirth,3,1,0.0,0.0,2800.0,2800.0,0.0,0.0,,,,,,,,,,,,,,
EnergyhubEU,MorayFirth,4,1,0.0,0.0,4200.0,4200.0,0.0,0.0,,,,,,,,,,,,,,
EnergyhubEU,MorayFirth,5,1,0.0,0.0,5600.0,5600.0,0.0,0.0,,,,,,,,,,,,,,
EnergyhubEU,MorayFirth,6,1,0.0,0.0,7000.0,7000.0,0.0,0.0,,,,,,,,,,,,,,
EnergyhubEU,MorayFirth,7,1,0.0,0.0,8400.0,8400.0,0.0,0.0,,,,,,,,,,,,,,
EnergyhubEU,MorayFirth,8,1,0.0,0.0,9800.0,9800.0,0.0,0.0,,,,,,,,,,,,,,
EnergyhubEU,Netherlands,1,0,0.0,0.0,0.0,0.0,0.0,0.0,,,,,,,,,,,,,,
EnergyhubEU,Netherlands,2,0,0.0,0.0,1400.0,1400.0,560.0,2800.0,,,,,,,,,,,,,,
EnergyhubEU,Netherlands,3,0,0.0,0.0,2800.0,2800.0,1461.8856000000003,6300.0,,,,,,,,,,,,,,
EnergyhubEU,Netherlands,4,0,0.0,0.0,4200.0,4200.0,2914.381377656001,9800.0,,,,,,,,,,,,,,
EnergyhubEU,Netherlands,5,0,0.0,0.0,5600.0,5600.0,5253.640352528768,9800.0,,,,,,,,,,,,,,
EnergyhubEU,Netherlands,6,0,0.0,0.0,7000.0,9021.040324151109,9021.040324151109,9800.0,,,,,,,,,,,,,,
EnergyhubEU,Netherlands,7,0,0.0,0.0,8400.0,9800.0,9800.0,9800.0,,,,,,,,,,,,,,
EnergyhubEU,Netherlands,8,0,0.0,0.0,9800.0,9800.0,9800.0,9800.0,,,,,,,,,,,,,,
EnergyhubEU,NO2,1,0,0.0,0.0,0.0,0.0,0.0,0.0,,,,,,,,,,,,,,
EnergyhubEU,NO2,2,0,0.0,0.0,1400.0,1400.0,560.0,2800.0,,,,,,,,,,,,,,
EnergyhubEU,NO2,3,0,0.0,0.0,2800.0,2800.0,1461.8856000000003,6300.0,,,,,,,,,,,,,,
EnergyhubEU,NO2,4,0,0.0,0.0,4200.0,4200.0,2914.381377656001,9800.0,,,,,,,,,,,,,,
EnergyhubEU,NO2,5,0,0.0,0.0,5600.0,5600.0,5253.640352528768,9800.0,,,,,,,,,,,,,,
EnergyhubEU,NO2,6,0,0.0,0.0,7000.0,9021.040324151109,9021.040324151109,9800.0,,,,,,,,,,,,,,
EnergyhubEU,NO2,7,0,0.0,0.0,8400.0,9800.0,9800.0,9800.0,,,,,,,,,,,,,,
EnergyhubEU,NO2,8,0,0.0,0.0,9800.0,9800.0,9800.0,9800.0,,,,,,,,,,,,,,
EnergyhubEU,NO5,1,0,0.0,0.0,0.0,0.0,0.0,0.0,,,,,,,,,,,,,,
EnergyhubEU,NO5,2,0,0.0,0.0,1400.0,1400.0,560.0,2800.0,,,,,,,,,,,,,,
EnergyhubEU,NO5,3,0,0.0,0.0,2800.0,2800.0,1461.8856000000003,6300.0,,,,,,,,,,,,,,
EnergyhubEU,NO5,4,0,0.0,0.0,4200.0,4200.0,2914.381377656001,9800.0,,,,,,,,,,,,,,
EnergyhubEU,NO5,5,0,0.0,0.0,5600.0,5600.0,5253.640352528768,9800.0,,,,,,,,,,,,,,
EnergyhubEU,NO5,6,0,0.0,0.0,7000.0,9021.040324151109,9021.040324151109,9800.0,,,,,,,,,,,,,,
EnergyhubEU,NO5,7,0,0.0,0.0,8400.0,9800.0,9800.0,9800.0,,,,,,,,,,,,,,
EnergyhubEU,NO5,8,0,0.0,0.0,9800.0,9800.0,9800.0,9800.0,,,,,,,,,,,,,,
EnergyhubEU,Nordsøen,1,1,0.0,0.0,0.0,0.0,0.0,0.0,,,,,,,,,,,,,,
EnergyhubEU,Nordsøen,2,1,0.0,0.0,1400.0,1400.0,0.0,0.0,,,,,,,,,,,,,,
EnergyhubEU,Nordsøen,3,1,0.0,0.0,2800.0,2800.0,0.0,0.0,,,,,,,,,,,,,,
EnergyhubEU,Nordsøen,4,1,0.0,0.0,4200.0,4200.0,0.0,0.0,,,,,,,,,,,,,,
EnergyhubEU,Nordsøen,5,1,0.0,0.0,5600.0,5600.0,0.0,0.0,,,,,,,,,,,,,,
EnergyhubEU,Nordsøen,6,1,0.0,0.0,7000.0,7000.0,0.0,0.0,,,,,,,,,,,,,,
EnergyhubEU,Nordsøen,7,1,0.0,0.0,8400.0,8400.0,0.0,0.0,,,,,,,,,,,,,,
EnergyhubEU,Nordsøen,8,1,0.0,0.0,9800.0,9800.0,0.0,0.0,,,,,,,,,,,,,,
EnergyhubEU,Norfolk,1,1,0.0,0.0,0.0,0.0,0.0,0.0,,,,,,,,,,,,,,
EnergyhubEU,Norfolk,2,1,0.0,0.0,1400.0,1400.0,0.0,0.0,,,,,,,,,,,,,,
EnergyhubEU,Norfolk,3,1,0.0,0.0,2800.0,2800.0,0.0,0.0,,,,,,,,,,,,,,
EnergyhubEU,Norfolk,4,1,0.0,0.0,4200.0,4200.0,0.0,0.0,,,,,,,,,,,,,,
EnergyhubEU,Norfolk,5,1,0.0,0.0,5600.0,5600.0,0.0,0.0,,,,,,,,,,,,,,
EnergyhubEU,Norfolk,6,1,0.0,0.0,7000.0,7000.0,0.0,0.0,,,,,,,,,,,,,,
EnergyhubEU,Norfolk,7,1,0.0,0.0,8400.0,8400.0,0.0,0.0,,,,,,,,,,,,,,
EnergyhubEU,Norfolk,8,1,0.0,0.0,9800.0,9800.0,0.0,0.0,,,,,,,,,,,,,,
EnergyhubEU,OuterDowsing,1,1,0.0,0.0,0.0,0.0,0.0,0.0,,,,,,,,,,,,,,
EnergyhubEU,OuterDowsing,2,1,0.0,0.0,1400.0,1400.0,0.0,0.0,,,,,,,,,,,,,,
EnergyhubEU,OuterDowsing,3,1,0.0,0.0,2800.0,2800.0,0.0,0.0,,,,,,,,,,,,,,
EnergyhubEU,OuterDowsing,4,1,0.0,0.0,4200.0,4200.0,0.0,0.0,,,,,,,,,,,,,,
EnergyhubEU,OuterDowsing,5,1,0.0,0.0,5600.0,5600.0,0.0,0.0,,,,,,,,,,,,,,
EnergyhubEU,OuterDowsing,6,1,0.0,0.0,7000.0,7000.0,0.0,0.0,,,,,,,,,,,,,,
EnergyhubEU,OuterDowsing,7,1,0.0,0.0,8400.0,8400.0,0.0,0.0,,,,,,,,,,,,,,
EnergyhubEU,OuterDowsing,8,1,0.0,0.0,9800.0,9800.0,0.0,0.0,,,,,,,,,,,,,,
EnergyhubEU,SørligeNordsjøI,1,1,0.0,0.0,0.0,0.0,0.0,0.0,,,,,,,,,,,,,,
EnergyhubEU,SørligeNordsjøI,2,1,0.0,0.0,1400.0,1400.0,0.0,0.0,,,,,,,,,,,,,,
EnergyhubEU,SørligeNordsjøI,3,1,0.0,0.0,2800.0,2800.0,0.0,0.0,,,,,,,,,,,,,,
EnergyhubEU,SørligeNordsjøI,4,1,0.0,0.0,4200.0,4200.0,0.0,0.0,,,,,,,,,,,,,,
EnergyhubEU,SørligeNordsjøI,5,1,0.0,0.0,5600.0,5600.0,0.0,0.0,,,,,,,,,,,,,,
EnergyhubEU,SørligeNordsjøI,6,1,0.0,0.0,7000.0,7000.0,0.0,0.0,,,,,,,,,,,,,,
EnergyhubEU,SørligeNordsjøI,7,1,0.0,0.0,8400.0,8400.0,0.0,0.0,,,,,,,,,,,,,,
EnergyhubEU,SørligeNordsjøI,8,1,0.0,0.0,9800.0,9800.0,0.0,0.0,,,,,,,,,,,,,,
EnergyhubEU,SørligeNordsjøII,1,1,0.0,0.0,0.0,0.0,0.0,0.0,,,,,,,,,,,,,,
EnergyhubEU,SørligeNordsjøII,2,1,0.0,0.0,1400.0,1400.0,0.0,0.0,,,,,,,,,,,,,,
EnergyhubEU,SørligeNordsjøII,3,1,0.0,0.0,2800.0,2800.0,0.0,0.0,,,,,,,,,,,,,,
EnergyhubEU,SørligeNordsjøII,4,1,0.0,0.0,4200.0,4200.0,0.0,0.0,,,,,,,,,,,,,,
EnergyhubEU,SørligeNordsjøII,5,1,0.0,0.0,5600.0,5600.0,0.0,0.0,,,,,,,,,,,,,,
EnergyhubEU,SørligeNordsjøII,6,1,0.0,0.0,7000.0,7000.0,0.0,0.0,,,,,,,,,,,,,,
EnergyhubEU,SørligeNordsjøII,7,1,0.0,0.0,8400.0,8400.0,0.0,0.0,,,,,,,,,,,,,,
EnergyhubEU,SørligeNordsjøII,8,1,0.0,0.0,9800.0,9800.0,0.0,0.0,,,,,,,,,,,,,,
EnergyhubEU,UtsiraNord,1,1,0.0,0.0,0.0,0.0,0.0,0.0,,,,,,,,,,,,,,
EnergyhubEU,UtsiraNord,2,1,0.0,0.0,1400.0,1400.0,0.0,0.0,,,,,,,,,,,,,,
EnergyhubEU,UtsiraNord,3,1,0.0,0.0,2800.0,2800.0,0.0,0.0,,,,,,,,,,,,,,
EnergyhubEU,UtsiraNord,4,1,0.0,0.0,4200.0,4200.0,0.0,0.0,,,,,,,,,,,,,,
EnergyhubEU,UtsiraNord,5,1,0.0,0.0,5600.0,5600.0,0.0,0.0,,,,,,,,,,,,,,
EnergyhubEU,UtsiraNord,6,1,0.0,0.0,7000.0,7000.0,0.0,0.0,,,,,,,,,,,,,,
EnergyhubEU,UtsiraNord,7,1,0.0,0.0,8400.0,8400.0,0.0,0.0,,,,,,,,,,,,,,
EnergyhubEU,UtsiraNord,8,1,0.0,0.0,9800.0,9800.0,0.0,0.0,,,,,,,,,,,,,,
Finland,Estonia,1,0,1000.0,0.0,1000.0,1000.0,0.0,0.0,,,,,,,,,,,,,,
Finland,Estonia,2,0,1000.0,0.0,1610.5100000000004,1610.5100000000004,1560.0,3800.0,,,,,,,,,,,,,,
Finland,Estonia,3,0,1000.0,0.0,2593.7424601000016,2593.7424601000016,2461.8856000000005,7000.0,,,,,,,,,,,,,,
Finland,Estonia,4,0,1000.0,0.0,4177.248169415655,4177.248169415655,3914.3813776560014,7000.0,,,,,,,,,,,,,,
Finland,Estonia,5,0,1000.0,0.0,6727.499949325609,6727.499949325609,6253.640352528768,7000.0,,,,,,,,,,,,,,
Finland,Estonia,6,0,1000.0,0.0,10834.70594338839,7000.0,7000.0,7000.0,,,,,,,,,,,,,,
Finland,Estonia,7,0,1000.0,0.0,17449.402268886442,7000.0,7000.0,7000.0,,,,,,,,,,,,,,
Finland,Estonia,8,0,1000.0,0.0,28102.436848064313,7000.0,7000.0,7000.0,,,,,,,,,,,,,,
FirthofForth,GreatBrit.,1,1,123.2,0.0,50000.0,50000.0,0.0,0.0,,,,,,,,,,,,,,
FirthofForth,GreatBrit.,2,1,123.2,0.0,50000.0,50000.0,0.0,0.0,,,,,,,,,,,,,,
FirthofForth,GreatBrit.,3,1,123.2,0.0,50000.0,50000.0,0.0,0.0,,,,,,,,,,,,,,
FirthofForth,GreatBrit.,4,1,123.2,0.0,50000.0,50000.0,0.0,0.0,,,,,,,,,,,,,,
FirthofForth,GreatBrit.,5,1,123.2,0.0,50000.0,50000.0,0.0,0.0,,,,,,,,,,,,,,
FirthofForth,GreatBrit.,6,1,123.2,0.0,50000.0,50000.0,0.0,0.0,,,,,,,,,,,,,,
FirthofForth,GreatBrit.,7,1,123.2,0.0,50000.0,50000.0,0.0,0.0,,,,,,,,,,,,,,
FirthofForth,GreatBrit.,8,1,123.2,0.0,50000.0,50000.0,0.0,0.0,,,,,,,,,,,,,,
FirthofForth,MorayFirth,1,2,0.0,0.0,0.0,0.0,0.0,0.0,,,,,,,,,,,,,,
FirthofForth,MorayFirth,2,2,0.0,0.0,0.0,0.0,0.0,0.0,,,,,,,,,,,,,,
FirthofForth,MorayFirth,3,2,0.0,0.0,0.0,0.0,0.0,0.0,,,,,,,,,,,,,,
FirthofForth,MorayFirth,4,2,0.0,0.0,0.0,0.0,0.0,0.0,,,,,,,,,,,,,,
FirthofForth,MorayFirth,5,2,0.0,0.0,0.0,0.0,0.0,0.0,,,,,,,,,,,,,,
FirthofForth,MorayFirth,6,2,0.0,0.0,0.0,0.0,0.0,0.0,,,,,,,,,,,,,,
FirthofForth,MorayFirth,7,2,0.0,0.0,0.0,0.0,0.0,0.0,,,,,,,,,,,,,,
FirthofForth,MorayFirth,8,2,0.0,0.0,0.0,0.0,0.0,0.0,,,,,,,,,,,,,,
France,Belgium,1,0,2700.0,0.0,2700.0,2700.0,0.0,0.0,,,,,,,,,,,,,,
France,Belgium,2,0,2700.0,1500.0,4348.377000000001,4348.377000000001,3260.0,5500.0,,,,,,,,,,,,,,
France,Belgium,3,0,2700.0,1500.0,7003.104642270005,7003.104642270005,4161.8856000000005,9000.0,,,,,,,,,,,,,,
France,Belgium,4,0,2700.0,1500.0,11278.570057422268,11278.570057422268,5614.381377656002,13200.0,,,,,,,,,,,,,,
France,Belgium,5,0,2700.0,1500.0,18164.249863179142,18100.0,7953.640352528769,18100.0,,,,,,,,,,,,,,
France,Belgium,6,0,2700.0,1500.0,29253.70604714865,18900.0,11721.04032415111,18900.0,,,,,,,,,,,,,,
France,Belgium,7,0,2700.0,1500.0,47113.38612599339,18900.0,17321.04032415111,18900.0,,,,,,,,,,,,,,
France,Belgium,8,0,2700.0,1500.0,75876.57948977365,18900.0,18900.0,18900.0,,,,,,,,,,,,,,
France,Germany,1,0,2825.0,0.0,2825.0,2825.0,0.0,0.0,,,,,,,,,,,,,,
France,Germany,2,0,2825.0,3700.0,6525.0,5625.0,3385.0,5625.0,,,,,,,,,,,,,,
France,Germany,3,0,2825.0,3700.0,10508.577750000004,9125.0,4286.8856000000005,9125.0,,,,,,,,,,,,,,
France,Germany,4,0,2825.0,3700.0,16924.16955215251,13325.0,5739.381377656002,13325.0,,,,,,,,,,,,,,
France,Germany,5,0,2825.0,3700.0,27256.54430543715,18225.0,8078.640352528769,18225.0,,,,,,,,,,,,,,
France,Germany,6,0,2825.0,3700.0,43896.9371693496,19775.0,11846.04032415111,19775.0,,,,,,,,,,,,,,
France,Germany,7,0,2825.0,3700.0,70696.45628060924,19775.0,17446.04032415111,19775.0,,,,,,,,,,,,,,
France,Germany,8,0,2825.0,3700.0,113857.34980448404,19775.0,19775.0,19775.0,,,,,,,,,,,,,,
France,Spain,1,0,4560.0,0.0,4560.0,4560.0,0.0,0.0,,,,,,,,,,,,,,
France,Spain,2,0,4560.0,0.0,7343.925600000002,7343.925600000002,5120.0,7360.0,,,,,,,,,,,,,,
France,Spain,3,0,4560.0,0.0,11827.465618056007,10860.0,6021.8856000000005,10860.0,,,,,,,,,,,,,,
France,Spain,4,0,4560.0,0.0,19048.251652535386,15060.0,7474.381377656002,15060.0,,,,,,,,,,,,,,
France,Spain,5,0,4560.0,0.0,30677.399768924774,19960.0,9813.640352528768,19960.0,,,,,,,,,,,,,,
France,Spain,6,0,4560.0,0.0,49406.25910185106,25560.0,13581.040324151109,25560.0,,,,,,,,,,,,,,
France,Spain,7,0,4560.0,0.0,79569.27434612217,31860.0,19181.04032415111,31860.0,,,,,,,,,,,,,,
France,Spain,8,0,4560.0,0.0,128147.11202717327,31920.0,25481.04032415111,31920.0,,,,,,,,,,,,,,
France,Switzerland,1,0,2750.0,0.0,2750.0,2750.0,0.0,0.0,,,,,,,,,,,,,,
France,Switzerland,2,0,2750.0,600.0,4428.902500000002,4428.902500000002,3310.0,5550.0,,,,,,,,,,,,,,
France,Switzerland,3,0,2750.0,600.0,7132.791765275006,7132.791765275006,4211.8856000000005,9050.0,,,,,,,,,,,,,,
France,Switzerland,4,0,2750.0,600.0,11487.432465893053,11487.432465893053,5664.381377656002,13250.0,,,,,,,,,,,,,,
France,Switzerland,5,0,2750.0,600.0,18500.62486064543,18150.0,8003.640352528769,18150.0,,,,,,,,,,,,,,
France,Switzerland,6,0,2750.0,600.0,29795.44134431808,19250.0,11771.04032415111,19250.0,,,,,,,,,,,,,,
France,Switzerland,7,0,2750.0,600.0,47985.85623943772,19250.0,17371.04032415111,19250.0,,,,,,,,,,,,,,
France,Switzerland,8,0,2750.0,600.0,77281.70133217688,19250.0,19250.0,19250.0,,,,,,,,,,,,,,
Germany,Austria,1,0,3500.0,0.0,3500.0,3500.0,0.0,0.0,,,,,,,,,,,,,,
Germany,Austria,2,0,3500.0,2500.0,6000.0,6000.0,4060.0,6300.0,,,,,,,,,,,,,,
Germany,Austria,3,0,3500.0,2500.0,9663.060000000003,9663.060000000003,4961.8856000000005,9800.0,,,,,,,,,,,,,,
Germany,Austria,4,0,3500.0,2500.0,15562.45476060001,14000.0,6414.381377656002,14000.0,,,,,,,,,,,,,,
Germany,Austria,5,0,3500.0,2500.0,25063.48901649393,18900.0,8753.640352528768,18900.0,,,,,,,,,,,,,,
Germany,Austria,6,0,3500.0,2500.0,40364.99969595366,24500.0,12521.040324151109,24500.0,,,,,,,,,,,,,,
Germany,Austria,7,0,3500.0,2500.0,65008.23566033035,24500.0,18121.04032415111,24500.0,,,,,,,,,,,,,,
Germany,Austria,8,0,3500.0,2500.0,104696.41361331867,24500.0,24421.04032415111,24500.0,,,,,,,,,,,,,,
Germany,Belgium,1,0,1000.0,0.0,1000.0,1000.0,0.0,0.0,,,,,,,,,,,,,,
Germany,Belgium,2,0,1000.0,0.0,1610.5100000000004,1610.5100000000004,1560.0,3800.0,,,,,,,,,,,,,,
Germany,Belgium,3,0,1000.0,0.0,2593.7424601000016,2593.7424601000016,2461.8856000000005,7000.0,,,,,,,,,,,,,,
Germany,Belgium,4,0,1000.0,0.0,4177.248169415655,4177.248169415655,3914.3813776560014,7000.0,,,,,,,,,,,,,,
Germany,Belgium,5,0,1000.0,0.0,6727.499949325609,6727.499949325609,6253.640352528768,7000.0,,,,,,,,,,,,,,
Germany,Belgium,6,0,1000.0,0.0,10834.70594338839,7000.0,7000.0,7000.0,,,,,,,,,,,,,,
Germany,Belgium,7,0,1000.0,0.0,17449.402268886442,7000.0,7000.0,7000.0,,,,,,,,,,,,,,
Germany,Belgium,8,0,1000.0,0.0,28102.436848064313,7000.0,7000.0,7000.0,,,,,,,,,,,,,,
Germany,CzechR,1,0,2800.0,0.0,2800.0,2800.0,0.0,0.0,,,,,,,,,,,,,,
Germany,CzechR,2,0,2800.0,2200.0,5000.0,5000.0,3360.0,5600.0,,,,,,,,,,,,,,
Germany,CzechR,3,0,2800.0,2200.0,8052.550000000003,8052.550000000003,4261.8856000000005,9100.0,,,,,,,,,,,,,,
Germany,CzechR,4,0,2800.0,2200.0,12968.712300500008,12968.712300500008,5714.381377656002,13300.0,,,,,,,,,,,,,,
Germany,CzechR,5,0,2800.0,2200.0,20886.240847078276,18200.0,8053.640352528769,18200.0,,,,,,,,,,,,,,
Germany,CzechR,6,0,2800.0,2200.0,33637.49974662805,19600.0,11821.04032415111,19600.0,,,,,,,,,,,,,,
Germany,CzechR,7,0,2800.0,2200.0,54173.52971694196,19600.0,17421.04032415111,19600.0,,,,,,,,,,,,,,
Germany,CzechR,8,0,2800.0,2200.0,87247.01134443222,19600.0,19600.0,19600.0,,,,,,,,,,,,,,
Germany,Switzerland,1,0,3500.0,0.0,3500.0,3500.0,0.0,0.0,,,,,,,,,,,,,,
Germany,Switzerland,2,0,3500.0,800.0,5636.785000000002,5636.785000000002,4060.0,6300.0,,,,,,,,,,,,,,
Germany,Switzerland,3,0,3500.0,800.0,9078.098610350005,9078.098610350005,4961.8856000000005,9800.0,,,,,,,,,,,,,,
Germany,Switzerland,4,0,3500.0,800.0,14620.368592954792,14000.0,6414.381377656002,14000.0,,,,,,,,,,,,,,
Germany,Switzerland,5,0,3500.0,800.0,23546.24982263963,18900.0,8753.640352528768,18900.0,,,,,,,,,,,,,,
Germany,Switzerland,6,0,3500.0,800.0,37921.47080185937,24500.0,12521.040324151109,24500.0,,,,,,,,,,,,,,
Germany,Switzerland,7,0,3500.0,800.0,61072.90794110255,24500.0,18121.04032415111,24500.0,,,,,,,,,,,,,,
Germany,Switzerland,8,0,3500.0,800.0,98358.5289682251,24500.0,24421.04032415111,24500.0,,,,,,,,,,,,,,
GreatBrit.,Belgium,1,0,1050.0,0.0,1050.0,1050.0,0.0,0.0,,,,,,,,,,,,,,
GreatBrit.,Belgium,2,0,1050.0,0.0,1691.0355000000006,1691.0355000000006,1610.0,3850.0,,,,,,,,,,,,,,
GreatBrit.,Belgium,3,0,1050.0,0.0,2723.429583105002,2723.429583105002,2511.8856000000005,7350.0,,,,,,,,,,,,,,
GreatBrit.,Belgium,4,0,1050.0,0.0,4386.1105778864385,4386.1105778864385,3964.3813776560014,7350.0,,,,,,,,,,,,,,
GreatBrit.,Belgium,5,0,1050.0,0.0,7063.874946791891,7063.874946791891,6303.640352528768,7350.0,,,,,,,,,,,,,,
GreatBrit.,Belgium,6,0,1050.0,0.0,11376.441240557811,7350.0,7350.0,7350.0,,,,,,,,,,,,,,
GreatBrit.,Belgium,7,0,1050.0,0.0,18321.872382330766,7350.0,7350.0,7350.0,,,,,,,,,,,,,,
GreatBrit.,Belgium,8,0,1050.0,0.0,29507.558690467533,7350.0,7350.0,7350.0,,,,,,,,,,,,,,
GreatBrit.,Denmark,1,0,1400.0,0.0,1400.0,1400.0,0.0,0.0,,,,,,,,,,,,,,
GreatBrit.,Denmark,2,0,1400.0,0.0,2254.714000000001,2254.714000000001,1960.0,4200.0,,,,,,,,,,,,,,
GreatBrit.,Denmark,3,0,1400.0,0.0,3631.2394441400024,3631.2394441400024,2861.8856000000005,7700.0,,,,,,,,,,,,,,
GreatBrit.,Denmark,4,0,1400.0,0.0,5848.147437181918,5848.147437181918,4314.381377656002,9800.0,,,,,,,,,,,,,,
GreatBrit.,Denmark,5,0,1400.0,0.0,9418.499929055853,9418.499929055853,6653.640352528769,9800.0,,,,,,,,,,,,,,
GreatBrit.,Denmark,6,0,1400.0,0.0,15168.588320743747,9800.0,9800.0,9800.0,,,,,,,,,,,,,,
GreatBrit.,Denmark,7,0,1400.0,0.0,24429.16317644102,9800.0,9800.0,9800.0,,,,,,,,,,,,,,
GreatBrit.,Denmark,8,0,1400.0,0.0,39343.41158729004,9800.0,9800.0,9800.0,,,,,,,,,,,,,,
GreatBrit.,France,1,0,3000.0,0.0,3000.0,3000.0,0.0,0.0,,,,,,,,,,,,,,
GreatBrit.,France,2,0,3000.0,5800.0,8800.0,5800.0,3560.0,5800.0,,,,,,,,,,,,,,
GreatBrit.,France,3,0,3000.0,5800.0,14172.488000000005,9300.0,4461.8856000000005,9300.0,,,,,,,,,,,,,,
GreatBrit.,France,4,0,3000.0,5800.0,22824.933648880015,13500.0,5914.381377656002,13500.0,,,,,,,,,,,,,,
GreatBrit.,France,5,0,3000.0,5800.0,36759.78389085776,18400.0,8253.640352528768,18400.0,,,,,,,,,,,,,,
GreatBrit.,France,6,0,3000.0,5800.0,59201.999554065354,21000.0,12021.040324151109,21000.0,,,,,,,,,,,,,,
GreatBrit.,France,7,0,3000.0,5800.0,95345.41230181782,21000.0,17621.04032415111,21000.0,,,,,,,,,,,,,,
GreatBrit.,France,8,0,3000.0,5800.0,153554.73996620066,21000.0,21000.0,21000.0,,,,,,,,,,,,,,
GreatBrit.,Germany,1,0,0.0,0.0,0.0,0.0,0.0,0.0,,,,,,,,,,,,,,
GreatBrit.,Germany,2,0,0.0,1400.0,1400.0,1400.0,560.0,2800.0,,,,,,,,,,,,,,
GreatBrit.,Germany,3,0,0.0,1400.0,2254.714000000001,2254.714000000001,1461.8856000000003,6300.0,,,,,,,,,,,,,,
GreatBrit.,Germany,4,0,0.0,1400.0,3631.2394441400024,3631.2394441400024,2914.381377656001,9800.0,,,,,,,,,,,,,,
GreatBrit.,Germany,5,0,0.0,1400.0,5848.147437181918,5848.147437181918,5253.640352528768,9800.0,,,,,,,,,,,,,,
GreatBrit.,Germany,6,0,0.0,1400.0,9418.499929055853,9418.499929055853,9021.040324151109,9800.0,,,,,,,,,,,,,,
GreatBrit.,Germany,7,0,0.0,1400.0,15168.588320743747,9800.0,9800.0,9800.0,,,,,,,,,,,,,,
GreatBrit.,Germany,8,0,0.0,1400.0,24429.16317644102,9800.0,9800.0,9800.0,,,,,,,,,,,,,,
Greece,Bulgaria,1,0,900.0,0.0,900.0,900.0,0.0,0.0,,,,,,,,,,,,,,
Greece,Bulgaria,2,0,900.0,0.0,1449.4590000000005,1460.0,1460.0,3700.0,,,,,,,,,,,,,,
Greece,Bulgaria,3,0,900.0,0.0,2334.368214090002,2361.8856000000005,2361.8856000000005,6300.0,,,,,,,,,,,,,,
Greece,Bulgaria,4,0,900.0,0.0,3759.52335247409,3814.3813776560014,3814.3813776560014,6300.0,,,,,,,,,,,,,,
Greece,Bulgaria,5,0,900.0,0.0,6054.749954393049,6153.640352528768,6153.640352528768,6300.0,,,,,,,,,,,,,,
Greece,Bulgaria,6,0,900.0,0.0,9751.235349049553,6300.0,6300.0,6300.0,,,,,,,,,,,,,,
Greece,Bulgaria,7,0,900.0,0.0,15704.462041997802,6300.0,6300.0,6300.0,,,,,,,,,,,,,,
Greece,Bulgaria,8,0,900.0,0.0,25292.19316325789,6300.0,6300.0,6300.0,,,,,,,,,,,,,,
HelgoländerBucht,Borssele,1,2,0.0,0.0,0.0,0.0,0.0,0.0,,,,,,,,,,,,,,
HelgoländerBucht,Borssele,2,2,0.0,0.0,0.0,0.0,0.0,0.0,,,,,,,,,,,,,,
HelgoländerBucht,Borssele,3,2,0.0,0.0,0.0,0.0,0.0,0.0,,,,,,,,,,,,,,
HelgoländerBucht,Borssele,4,2,0.0,0.0,0.0,0.0,0.0,0.0,,,,,,,,,,,,,,
HelgoländerBucht,Borssele,5,2,0.0,0.0,0.0,0.0,0.0,0.0,,,,,,,,,,,,,,
HelgoländerBucht,Borssele,6,2,0.0,0.0,0.0,0.0,0.0,0.0,,,,,,,,,,,,,,
HelgoländerBucht,Borssele,7,2,0.0,0.0,0.0,0.0,0.0,0.0,,,,,,,,,,,,,,
HelgoländerBucht,Borssele,8,2,0.0,0.0,0.0,0.0,0.0,0.0,,,,,,,,,,,,,,
HelgoländerBucht,DoggerBank,1,2,0.0,0.0,0.0,0.0,0.0,0.0,,,,,,,,,,,,,,
HelgoländerBucht,DoggerBank,2,2,0.0,0.0,0.0,0.0,0.0,0.0,,,,,,,,,,,,,,
HelgoländerBucht,DoggerBank,3,2,0.0,0.0,0.0,0.0,0.0,0.0,,,,,,,,,,,,,,
HelgoländerBucht,DoggerBank,4,2,0.0,0.0,0.0,0.0,0.0,0.0,,,,,,,,,,,,,,
HelgoländerBucht,DoggerBank,5,2,0.0,0.0,0.0,0.0,0.0,0.0,,,,,,,,,,,,,,
HelgoländerBucht,DoggerBank,6,2,0.0,0.0,0.0,0.0,0.0,0.0,,,,,,,,,,,,,,
HelgoländerBucht,DoggerBank,7,2,0.0,0.0,0.0,0.0,0.0,0.0,,,,,,,,,,,,,,
HelgoländerBucht,DoggerBank,8,2,0.0,0.0,0.0,0.0,0.0,0.0,,,,,,,,,,,,,,
HelgoländerBucht,EastAnglia,1,2,0.0,0.0,0.0,0.0,0.0,0.0,,,,,,,,,,,,,,
HelgoländerBucht,EastAnglia,2,2,0.0,0.0,0.0,0.0,0.0,0.0,,,,,,,,,,,,,,
HelgoländerBucht,EastAnglia,3,2,0.0,0.0,0.0,0.0,0.0,0.0,,,,,,,,,,,,,,
HelgoländerBucht,EastAnglia,4,2,0.0,0.0,0.0,0.0,0.0,0.0,,,,,,,,,,,,,,
HelgoländerBucht,EastAnglia,5,2,0.0,0.0,0.0,0.0,0.0,0.0,,,,,,,,,,,,,,
HelgoländerBucht,EastAnglia,6,2,0.0,0.0,0.0,0.0,0.0,0.0,,,,,,,,,,,,,,
HelgoländerBucht,EastAnglia,7,2,0.0,0.0,0.0,0.0,0.0,0.0,,,,,,,,,,,,,,
HelgoländerBucht,EastAnglia,8,2,0.0,0.0,0.0,0.0,0.0,0.0,,,,,,,,,,,,,,
HelgoländerBucht,FirthofForth,1,2,0.0,0.0,0.0,0.0,0.0,0.0,,,,,,,,,,,,,,
HelgoländerBucht,FirthofForth,2,2,0.0,0.0,0.0,0.0,0.0,0.0,,,,,,,,,,,,,,
HelgoländerBucht,FirthofForth,3,2,0.0,0.0,0.0,0.0,0.0,0.0,,,,,,,,,,,,,,
HelgoländerBucht,FirthofForth,4,2,0.0,0.0,0.0,0.0,0.0,0.0,,,,,,,,,,,,,,
HelgoländerBucht,FirthofForth,5,2,0.0,0.0,0.0,0.0,0.0,0.0,,,,,,,,,,,,,,
HelgoländerBucht,FirthofForth,6,2,0.0,0.0,0.0,0.0,0.0,0.0,,,,,,,,,,,,,,
HelgoländerBucht,FirthofForth,7,2,0.0,0.0,0.0,0.0,0.0,0.0,,,,,,,,,,,,,,
HelgoländerBucht,FirthofForth,8,2,0.0,0.0,0.0,0.0,0.0,0.0,,,,,,,,,,,,,,
HelgoländerBucht,Germany,1,1,6566.0,0.0,50000.0,50000.0,0.0,0.0,,,,,,,,,,,,,,
HelgoländerBucht,Germany,2,1,6566.0,0.0,50000.0,50000.0,0.0,0.0,,,,,,,,,,,,,,
HelgoländerBucht,Germany,3,1,6566.0,0.0,50000.0,50000.0,0.0,0.0,,,,,,,,,,,,,,
HelgoländerBucht,Germany,4,1,6566.0,0.0,50000.0,50000.0,0.0,0.0,,,,,,,,,,,,,,
HelgoländerBucht,Germany,5,1,6566.0,0.0,50000.0,50000.0,0.0,0.0,,,,,,,,,,,,,,
HelgoländerBucht,Germany,6,1,6566.0,0.0,50000.0,50000.0,0.0,0.0,,,,,,,,,,,,,,
HelgoländerBucht,Germany,7,1,6566.0,0.0,50000.0,50000.0,0.0,0.0,,,,,,,,,,,,,,
HelgoländerBucht,Germany,8,1,6566.0,0.0,50000.0,50000.0,0.0,0.0,,,,,,,,,,,,,,
HelgoländerBucht,HollandseeKust,1,2,0.0,0.0,0.0,0.0,0.0,0.0,,,,,,,,,,,,,,
HelgoländerBucht,HollandseeKust,2,2,0.0,0.0,0.0,0.0,0.0,0.0,,,,,,,,,,,,,,
HelgoländerBucht,HollandseeKust,3,2,0.0,0.0,0.0,0.0,0.0,0.0,,,,,,,,,,,,,,
HelgoländerBucht,HollandseeKust,4,2,0.0,0.0,0.0,0.0,0.0,0.0,,,,,,,,,,,,,,
HelgoländerBucht,HollandseeKust,5,2,0.0,0.0,0.0,0.0,0.0,0.0,,,,,,,,,,,,,,
HelgoländerBucht,HollandseeKust,6,2,0.0,0.0,0.0,0.0,0.0,0.0,,,,,,,,,,,,,,
HelgoländerBucht,HollandseeKust,7,2,0.0,0.0,0.0,0.0,0.0,0.0,,,,,,,,,,,,,,
HelgoländerBucht,HollandseeKust,8,2,0.0,0.0,0.0,0.0,0.0,0.0,,,,,,,,,,,,,,
HelgoländerBucht,Hornsea,1,2,0.0,0.0,0.0,0.0,0.0,0.0,,,,,,,,,,,,,,
HelgoländerBucht,Hornsea,2,2,0.0,0.0,0.0,0.0,0.0,0.0,,,,,,,,,,,,,,
HelgoländerBucht,Hornsea,3,2,0.0,0.0,0.0,0.0,0.0,0.0,,,,,,,,,,,,,,
HelgoländerBucht,Hornsea,4,2,0.0,0.0,0.0,0.0,0.0,0.0,,,,,,,,,,,,,,
HelgoländerBucht,Hornsea,5,2,0.0,0.0,0.0,0.0,0.0,0.0,,,,,,,,,,,,,,
HelgoländerBucht,Hornsea,6,2,0.0,0.0,0.0,0.0,0.0,0.0,,,,,,,,,,,,,,
HelgoländerBucht,Hornsea,7,2,0.0,0.0,0.0,0.0,0.0,0.0,,,,,,,,,,,,,,
HelgoländerBucht,Hornsea,8,2,0.0,0.0,0.0,0.0,0.0,0.0,,,,,,,,,,,,,,
HelgoländerBucht,MorayFirth,1,2,0.0,0.0,0.0,0.0,0.0,0.0,,,,,,,,,,,,,,
HelgoländerBucht,MorayFirth,2,2,0.0,0.0,0.0,0.0,0.0,0.0,,,,,,,,,,,,,,
HelgoländerBucht,MorayFirth,3,2,0.0,0.0,0.0,0.0,0.0,0.0,,,,,,,,,,,,,,
HelgoländerBucht,MorayFirth,4,2,0.0,0.0,0.0,0.0,0.0,0.0,,,,,,,,,,,,,,
HelgoländerBucht,MorayFirth,5,2,0.0,0.0,0.0,0.0,0.0,0.0,,,,,,,,,,,,,,
HelgoländerBucht,MorayFirth,6,2,0.0,0.0,0.0,0.0,0.0,0.0,,,,,,,,,,,,,,
HelgoländerBucht,MorayFirth,7,2,0.0,0.0,0.0,0.0,0.0,0.0,,,,,,,,,,,,,,
HelgoländerBucht,MorayFirth,8,2,0.0,0.0,0.0,0.0,0.0,0.0,,,,,,,,,,,,,,
HelgoländerBucht,Netherlands,1,1,600.0,0.0,50000.0,50000.0,0.0,0.0,,,,,,,,,,,,,,
HelgoländerBucht,Netherlands,2,1,600.0,0.0,50000.0,50000.0,0.0,0.0,,,,,,,,,,,,,,
HelgoländerBucht,Netherlands,3,1,600.0,0.0,50000.0,50000.0,0.0,0.0,,,,,,,,,,,,,,
HelgoländerBucht,Netherlands,4,1,600.0,0.0,50000.0,50000.0,0.0,0.0,,,,,,,,,,,,,,
HelgoländerBucht,Netherlands,5,1,600.0,0.0,50000.0,50000.0,0.0,0.0,,,,,,,,,,,,,,
HelgoländerBucht,Netherlands,6,1,600.0,0.0,50000.0,50000.0,0.0,0.0,,,,,,,,,,,,,,
HelgoländerBucht,Netherlands,7,1,600.0,0.0,50000.0,50000.0,0.0,0.0,,,,,,,,,,,,,,
HelgoländerBucht,Netherlands,8,1,600.0,0.0,50000.0,50000.0,0.0,0.0,,,,,,,,,,,,,,
HelgoländerBucht,Norfolk,1,2,0.0,0.0,0.0,0.0,0.0,0.0,,,,,,,,,,,,,,
HelgoländerBucht,Norfolk,2,2,0.0,0.0,0.0,0.0,0.0,0.0,,,,,,,,,,,,,,
HelgoländerBucht,Norfolk,3,2,0.0,0.0,0.0,0.0,0.0,0.0,,,,,,,,,,,,,,
HelgoländerBucht,Norfolk,4,2,0.0,0.0,0.0,0.0,0.0,0.0,,,,,,,,,,,,,,
HelgoländerBucht,Norfolk,5,2,0.0,0.0,0.0,0.0,0.0,0.0,,,,,,,,,,,,,,
HelgoländerBucht,Norfolk,6,2,0.0,0.0,0.0,0.0,0.0,0.0,,,,,,,,,,,,,,
HelgoländerBucht,Norfolk,7,2,0.0,0.0,0.0,0.0,0.0,0.0,,,,,,,,,,,,,,
HelgoländerBucht,Norfolk,8,2,0.0,0.0,0.0,0.0,0.0,0.0,,,,,,,,,,,,,,
HelgoländerBucht,OuterDowsing,1,2,0.0,0.0,0.0,0.0,0.0,0.0,,,,,,,,,,,,,,
HelgoländerBucht,OuterDowsing,2,2,0.0,0.0,0.0,0.0,0.0,0.0,,,,,,,,,,,,,,
HelgoländerBucht,OuterDowsing,3,2,0.0,0.0,0.0,0.0,0.0,0.0,,,,,,,,,,,,,,
HelgoländerBucht,OuterDowsing,4,2,0.0,0.0,0.0,0.0,0.0,0.0,,,,,,,,,,,,,,
HelgoländerBucht,OuterDowsing,5,2,0.0,0.0,0.0,0.0,0.0,0.0,,,,,,,,,,,,,,
HelgoländerBucht,OuterDowsing,6,2,0.0,0.0,0.0,0.0,0.0,0.0,,,,,,,,,,,,,,
HelgoländerBucht,OuterDowsing,7,2,0.0,0.0,0.0,0.0,0.0,0.0,,,,,,,,,,,,,,
HelgoländerBucht,OuterDowsing,8,2,0.0,0.0,0.0,0.0,0.0,0.0,,,,,,,,,,,,,,
HollandseeKust,Belgium,1,1,0.0,0.0,50000.0,50000.0,0.0,0.0,,,,,,,,,,,,,,
HollandseeKust,Belgium,2,1,0.0,0.0,50000.0,50000.0,0.0,0.0,,,,,,,,,,,,,,
HollandseeKust,Belgium,3,1,0.0,0.0,50000.0,50000.0,0.0,0.0,,,,,,,,,,,,,,
HollandseeKust,Belgium,4,1,0.0,0.0,50000.0,50000.0,0.0,0.0,,,,,,,,,,,,,,
HollandseeKust,Belgium,5,1,0.0,0.0,50000.0,50000.0,0.0,0.0,,,,,,,,,,,,,,
HollandseeKust,Belgium,6,1,0.0,0.0,50000.0,50000.0,0.0,0.0,,,,,,,,,,,,,,
HollandseeKust,Belgium,7,1,0.0,0.0,50000.0,50000.0,0.0,0.0,,,,,,,,,,,,,,
HollandseeKust,Belgium,8,1,0.0,0.0,50000.0,50000.0,0.0,0.0,,,,,,,,,,,,,,
HollandseeKust,Borssele,1,2,0.0,0.0,0.0,0.0,0.0,0.0,,,,,,,,,,,,,,
HollandseeKust,Borssele,2,2,0.0,0.0,0.0,0.0,0.0,0.0,,,,,,,,,,,,,,
HollandseeKust,Borssele,3,2,0.0,0.0,0.0,0.0,0.0,0.0,,,,,,,,,,,,,,
HollandseeKust,Borssele,4,2,0.0,0.0,0.0,0.0,0.0,0.0,,,,,,,,,,,,,,
HollandseeKust,Borssele,5,2,0.0,0.0,0.0,0.0,0.0,0.0,,,,,,,,,,,,,,
HollandseeKust,Borssele,6,2,0.0,0.0,0.0,0.0,0.0,0.0,,,,,,,,,,,,,,
HollandseeKust,Borssele,7,2,0.0,0.0,0.0,0.0,0.0,0.0,,,,,,,,,,,,,,
HollandseeKust,Borssele,8,2,0.0,0.0,0.0,0.0,0.0,0.0,,,,,,,,,,,,,,
HollandseeKust,DoggerBank,1,2,0.0,0.0,0.0,0.0,0.0,0.0,,,,,,,,,,,,,,
HollandseeKust,DoggerBank,2,2,0.0,0.0,0.0,0.0,0.0,0.0,,,,,,,,,,,,,,
HollandseeKust,DoggerBank,3,2,0.0,0.0,0.0,0.0,0.0,0.0,,,,,,,,,,,,,,
HollandseeKust,DoggerBank,4,2,0.0,0.0,0.0,0.0,0.0,0.0,,,,,,,,,,,,,,
HollandseeKust,DoggerBank,5,2,0.0,0.0,0.0,0.0,0.0,0.0,,,,,,,,,,,,,,
HollandseeKust,DoggerBank,6,2,0.0,0.0,0.0,0.0,0.0,0.0,,,,,,,,,,,,,,
HollandseeKust,DoggerBank,7,2,0.0,0.0,0.0,0.0,0.0,0.0,,,,,,,,,,,,,,
HollandseeKust,DoggerBank,8,2,0.0,0.0,0.0,0.0,0.0,0.0,,,,,,,,,,,,,,
HollandseeKust,EastAnglia,1,2,0.0,0.0,0.0,0.0,0.0,0.0,,,,,,,,,,,,,,
HollandseeKust,EastAnglia,2,2,0.0,0.0,0.0,0.0,0.0,0.0,,,,,,,,,,,,,,
HollandseeKust,EastAnglia,3,2,0.0,0.0,0.0,0.0,0.0,0.0,,,,,,,,,,,,,,
HollandseeKust,EastAnglia,4,2,0.0,0.0,0.0,0.0,0.0,0.0,,,,,,,,,,,,,,
HollandseeKust,EastAnglia,5,2,0.0,0.0,0.0,0.0,0.0,0.0,,,,,,,,,,,,,,
HollandseeKust,EastAnglia,6,2,0.0,0.0,0.0,0.0,0.0,0.0,,,,,,,,,,,,,,
HollandseeKust,EastAnglia,7,2,0.0,0.0,0.0,0.0,0.0,0.0,,,,,,,,,,,,,,
HollandseeKust,EastAnglia,8,2,0.0,0.0,0.0,0.0,0.0,0.0,,,,,,,,,,,,,,
HollandseeKust,FirthofForth,1,2,0.0,0.0,0.0,0.0,0.0,0.0,,,,,,,,,,,,,,
HollandseeKust,FirthofForth,2,2,0.0,0.0,0.0,0.0,0.0,0.0,,,,,,,,,,,,,,
HollandseeKust,FirthofForth,3,2,0.0,0.0,0.0,0.0,0.0,0.0,,,,,,,,,,,,,,
HollandseeKust,FirthofForth,4,2,0.0,0.0,0.0,0.0,0.0,0.0,,,,,,,,,,,,,,
HollandseeKust,FirthofForth,5,2,0.0,0.0,0.0,0.0,0.0,0.0,,,,,,,,,,,,,,
HollandseeKust,FirthofForth,6,2,0.0,0.0,0.0,0.0,0.0,0.0,,,,,,,,,,,,,,
HollandseeKust,FirthofForth,7,2,0.0,0.0,0.0,0.0,0.0,0.0,,,,,,,,,,,,,,
HollandseeKust,FirthofForth,8,2,0.0,0.0,0.0,0.0,0.0,0.0,,,,,,,,,,,,,,
HollandseeKust,Hornsea,1,2,0.0,0.0,0.0,0.0,0.0,0.0,,,,,,,,,,,,,,
HollandseeKust,Hornsea,2,2,0.0,0.0,0.0,0.0,0.0,0.0,,,,,,,,,,,,,,
HollandseeKust,Hornsea,3,2,0.0,0.0,0.0,0.0,0.0,0.0,,,,,,,,,,,,,,
HollandseeKust,Hornsea,4,2,0.0,0.0,0.0,0.0,0.0,0.0,,,,,,,,,,,,,,
HollandseeKust,Hornsea,5,2,0.0,0.0,0.0,0.0,0.0,0.0,,,,,,,,,,,,,,
HollandseeKust,Hornsea,6,2,0.0,0.0,0.0,0.0,0.0,0.0,,,,,,,,,,,,,,
HollandseeKust,Hornsea,7,2,0.0,0.0,0.0,0.0,0.0,0.0,,,,,,,,,,,,,,
HollandseeKust,Hornsea,8,2,0.0,0.0,0.0,0.0,0.0,0.0,,,,,,,,,,,,,,
HollandseeKust,MorayFirth,1,2,0.0,0.0,0.0,0.0,0.0,0.0,,,,,,,,,,,,,,
HollandseeKust,MorayFirth,2,2,0.0,0.0,0.0,0.0,0.0,0.0,,,,,,,,,,,,,,
HollandseeKust,MorayFirth,3,2,0.0,0.0,0.0,0.0,0.0,0.0,,,,,,,,,,,,,,
HollandseeKust,MorayFirth,4,2,0.0,0.0,0.0,0.0,0.0,0.0,,,,,,,,,,,,,,
HollandseeKust,MorayFirth,5,2,0.0,0.0,0.0,0.0,0.0,0.0,,,,,,,,,,,,,,
HollandseeKust,MorayFirth,6,2,0.0,0.0,0.0,0.0,0.0,0.0,,,,,,,,,,,,,,
HollandseeKust,MorayFirth,7,2,0.0,0.0,0.0,0.0,0.0,0.0,,,,,,,,,,,,,,
HollandseeKust,MorayFirth,8,2,0.0,0.0,0.0,0.0,0.0,0.0,,,,,,,,,,,,,,
HollandseeKust,Netherlands,1,1,357.0,0.0,50000.0,50000.0,0.0,0.0,,,,,,,,,,,,,,
HollandseeKust,Netherlands,2,1,357.0,0.0,50000.0,50000.0,0.0,0.0,,,,,,,,,,,,,,
HollandseeKust,Netherlands,3,1,357.0,0.0,50000.0,50000.0,0.0,0.0,,,,,,,,,,,,,,
HollandseeKust,Netherlands,4,1,357.0,0.0,50000.0,50000.0,0.0,0.0,,,,,,,,,,,,,,
HollandseeKust,Netherlands,5,1,357.0,0.0,50000.0,50000.0,0.0,0.0,,,,,,,,,,,,,,
HollandseeKust,Netherlands,6,1,357.0,0.0,50000.0,50000.0,0.0,0.0,,,,,,,,,,,,,,
HollandseeKust,Netherlands,7,1,357.0,0.0,50000.0,50000.0,0.0,0.0,,,,,,,,,,,,,,
HollandseeKust,Netherlands,8,1,357.0,0.0,50000.0,50000.0,0.0,0.0,,,,,,,,,,,,,,
HollandseeKust,Norfolk,1,2,0.0,0.0,0.0,0.0,0.0,0.0,,,,,,,,,,,,,,
HollandseeKust,Norfolk,2,2,0.0,0.0,0.0,0.0,0.0,0.0,,,,,,,,,,,,,,
HollandseeKust,Norfolk,3,2,0.0,0.0,0.0,0.0,0.0,0.0,,,,,,,,,,,,,,
HollandseeKust,Norfolk,4,2,0.0,0.0,0.0,0.0,0.0,0.0,,,,,,,,,,,,,,
HollandseeKust,Norfolk,5,2,0.0,0.0,0.0,0.0,0.0,0.0,,,,,,,,,,,,,,
HollandseeKust,Norfolk,6,2,0.0,0.0,0.0,0.0,0.0,0.0,,,,,,,,,,,,,,
HollandseeKust,Norfolk,7,2,0.0,0.0,0.0,0.0,0.0,0.0,,,,,,,,,,,,,,
HollandseeKust,Norfolk,8,2,0.0,0.0,0.0,0.0,0.0,0.0,,,,,,,,,,,,,,
HollandseeKust,OuterDowsing,1,2,0.0,0.0,0.0,0.0,0.0,0.0,,,,,,,,,,,,,,
HollandseeKust,OuterDowsing,2,2,0.0,0.0,0.0,0.0,0.0,0.0,,,,,,,,,,,,,,
HollandseeKust,OuterDowsing,3,2,0.0,0.0,0.0,0.0,0.0,0.0,,,,,,,,,,,,,,
HollandseeKust,OuterDowsing,4,2,0.0,0.0,0.0,0.0,0.0,0.0,,,,,,,,,,,,,,
HollandseeKust,OuterDowsing,5,2,0.0,0.0,0.0,0.0,0.0,0.0,,,,,,,,,,,,,,
HollandseeKust,OuterDowsing,6,2,0.0,0.0,0.0,0.0,0.0,0.0,,,,,,,,,,,,,,
HollandseeKust,OuterDowsing,7,2,0.0,0.0,0.0,0.0,0.0,0.0,,,,,,,,,,,,,,
HollandseeKust,OuterDowsing,8,2,0.0,0.0,0.0,0.0,0.0,0.0,,,,,,,,,,,,,,
Hornsea,DoggerBank,1,2,0.0,0.0,0.0,0.0,0.0,0.0,,,,,,,,,,,,,,
Hornsea,DoggerBank,2,2,0.0,0.0,0.0,0.0,0.0,0.0,,,,,,,,,,,,,,
Hornsea,DoggerBank,3,2,0.0,0.0,0.0,0.0,0.0,0.0,,,,,,,,,,,,,,
Hornsea,DoggerBank,4,2,0.0,0.0,0.0,0.0,0.0,0.0,,,,,,,,,,,,,,
Hornsea,DoggerBank,5,2,0.0,0.0,0.0,0.0,0.0,0.0,,,,,,,,,,,,,,
Hornsea,DoggerBank,6,2,0.0,0.0,0.0,0.0,0.0,0.0,,,,,,,,,,,,,,
Hornsea,DoggerBank,7,2,0.0,0.0,0.0,0.0,0.0,0.0,,,,,,,,,,,,,,
Hornsea,DoggerBank,8,2,0.0,0.0,0.0,0.0,0.0,0.0,,,,,,,,,,,,,,
Hornsea,FirthofForth,1,2,0.0,0.0,0.0,0.0,0.0,0.0,,,,,,,,,,,,,,
Hornsea,FirthofForth,2,2,0.0,0.0,0.0,0.0,0.0,0.0,,,,,,,,,,,,,,
Hornsea,FirthofForth,3,2,0.0,0.0,0.0,0.0,0.0,0.0,,,,,,,,,,,,,,
Hornsea,FirthofForth,4,2,0.0,0.0,0.0,0.0,0.0,0.0,,,,,,,,,,,,,,
Hornsea,FirthofForth,5,2,0.0,0.0,0.0,0.0,0.0,0.0,,,,,,,,,,,,,,
Hornsea,FirthofForth,6,2,0.0,0.0,0.0,0.0,0.0,0.0,,,,,,,,,,,,,,
Hornsea,FirthofForth,7,2,0.0,0.0,0.0,0.0,0.0,0.0,,,,,,,,,,,,,,
Hornsea,FirthofForth,8,2,0.0,0.0,0.0,0.0,0.0,0.0,,,,,,,,,,,,,,
Hornsea,GreatBrit.,1,1,1218.0,0.0,50000.0,50000.0,0.0,0.0,,,,,,,,,,,,,,
Hornsea,GreatBrit.,2,1,1218.0,0.0,50000.0,50000.0,0.0,0.0,,,,,,,,,,,,,,
Hornsea,GreatBrit.,3,1,1218.0,0.0,50000.0,50000.0,0.0,0.0,,,,,,,,,,,,,,
Hornsea,GreatBrit.,4,1,1218.0,0.0,50000.0,50000.0,0.0,0.0,,,,,,,,,,,,,,
Hornsea,GreatBrit.,5,1,1218.0,0.0,50000.0,50000.0,0.0,0.0,,,,,,,,,,,,,,
Hornsea,GreatBrit.,6,1,1218.0,0.0,50000.0,50000.0,0.0,0.0,,,,,,,,,,,,,,
Hornsea,GreatBrit.,7,1,1218.0,0.0,50000.0,50000.0,0.0,0.0,,,,,,,,,,,,,,
Hornsea,GreatBrit.,8,1,1218.0,0.0,50000.0,50000.0,0.0,0.0,,,,,,,,,,,,,,
Hornsea,MorayFirth,1,2,0.0,0.0,0.0,0.0,0.0,0.0,,,,,,,,,,,,,,
Hornsea,MorayFirth,2,2,0.0,0.0,0.0,0.0,0.0,0.0,,,,,,,,,,,,,,
Hornsea,MorayFirth,3,2,0.0,0.0,0.0,0.0,0.0,0.0,,,,,,,,,,,,,,
Hornsea,MorayFirth,4,2,0.0,0.0,0.0,0.0,0.0,0.0,,,,,,,,,,,,,,
Hornsea,MorayFirth,5,2,0.0,0.0,0.0,0.0,0.0,0.0,,,,,,,,,,,,,,
Hornsea,MorayFirth,6,2,0.0,0.0,0.0,0.0,0.0,0.0,,,,,,,,,,,,,,
Hornsea,MorayFirth,7,2,0.0,0.0,0.0,0.0,0.0,0.0,,,,,,,,,,,,,,
Hornsea,MorayFirth,8,2,0.0,0.0,0.0,0.0,0.0,0.0,,,,,,,,,,,,,,
Hungary,Austria,1,0,1600.0,0.0,1600.0,1600.0,0.0,0.0,,,,,,,,,,,,,,
Hungary,Austria,2,0,1600.0,0.0,2576.8160000000007,2576.8160000000007,2160.0,4400.0,,,,,,,,,,,,,,
Hungary,Austria,3,0,1600.0,0.0,4149.987936160002,4149.987936160002,3061.8856000000005,7900.0,,,,,,,,,,,,,,
Hungary,Austria,4,0,1600.0,0.0,6683.597071065048,6683.597071065048,4514.381377656002,11200.0,,,,,,,,,,,,,,
Hungary,Austria,5,0,1600.0,0.0,10763.999918920974,10763.999918920974,6853.640352528769,11200.0,,,,,,,,,,,,,,
Hungary,Austria,6,0,1600.0,0.0,17335.529509421423,11200.0,10621.04032415111,11200.0,,,,,,,,,,,,,,
Hungary,Austria,7,0,1600.0,0.0,27919.043630218308,11200.0,11200.0,11200.0,,,,,,,,,,,,,,
Hungary,Austria,8,0,1600.0,0.0,44963.8989569029,11200.0,11200.0,11200.0,,,,,,,,,,,,,,
Hungary,Croatia,1,0,700.0,0.0,700.0,700.0,0.0,0.0,,,,,,,,,,,,,,
Hungary,Croatia,2,0,700.0,0.0,1127.3570000000004,1260.0,1260.0,3500.0,,,,,,,,,,,,,,
Hungary,Croatia,3,0,700.0,0.0,1815.6197220700012,2161.8856000000005,2161.8856000000005,4900.0,,,,,,,,,,,,,,
Hungary,Croatia,4,0,700.0,0.0,2924.073718590959,3614.3813776560014,3614.3813776560014,4900.0,,,,,,,,,,,,,,
Hungary,Croatia,5,0,700.0,0.0,4709.249964527927,4900.0,4900.0,4900.0,,,,,,,,,,,,,,
Hungary,Croatia,6,0,700.0,0.0,7584.294160371874,4900.0,4900.0,4900.0,,,,,,,,,,,,,,
Hungary,Croatia,7,0,700.0,0.0,12214.58158822051,4900.0,4900.0,4900.0,,,,,,,,,,,,,,
Hungary,Croatia,8,0,700.0,0.0,19671.70579364502,4900.0,4900.0,4900.0,,,,,,,,,,,,,,
Ireland,France,1,0,0.0,0.0,0.0,0.0,0.0,0.0,,,,,,,,,,,,,,
Ireland,France,2,0,0.0,0.0,0.0,560.0,560.0,2800.0,,,,,,,,,,,,,,
Ireland,France,3,0,0.0,0.0,0.0,1461.8856000000003,1461.8856000000003,6300.0,,,,,,,,,,,,,,
Ireland,France,4,0,0.0,0.0,0.0,2914.381377656001,2914.381377656001,9800.0,,,,,,,,,,,,,,
Ireland,France,5,0,0.0,0.0,0.0,5253.640352528768,5253.640352528768,9800.0,,,,,,,,,,,,,,
Ireland,France,6,0,0.0,0.0,0.0,9021.040324151109,9021.040324151109,9800.0,,,,,,,,,,,,,,
Ireland,France,7,0,0.0,0.0,0.0,9800.0,9800.0,9800.0,,,,,,,,,,,,,,
Ireland,France,8,0,0.0,0.0,0.0,9800.0,9800.0,9800.0,,,,,,,,,,,,,,
Ireland,GreatBrit.,1,0,1000.0,0.0,1000.0,1000.0,0.0,0.0,,,,,,,,,,,,,,
Ireland,GreatBrit.,2,0,1000.0,0.0,1610.5100000000004,1610.5100000000004,1560.0,3800.0,,,,,,,,,,,,,,
Ireland,GreatBrit.,3,0,1000.0,0.0,2593.7424601000016,2593.7424601000016,2461.8856000000005,7000.0,,,,,,,,,,,,,,
Ireland,GreatBrit.,4,0,1000.0,0.0,4177.248169415655,4177.248169415655,3914.3813776560014,7000.0,,,,,,,,,,,,,,
Ireland,GreatBrit.,5,0,1000.0,0.0,6727.499949325609,6727.499949325609,6253.640352528768,7000.0,,,,,,,,,,,,,,
Ireland,GreatBrit.,6,0,1000.0,0.0,10834.70594338839,7000.0,7000.0,7000.0,,,,,,,,,,,,,,
Ireland,GreatBrit.,7,0,1000.0,0.0,17449.402268886442,7000.0,7000.0,7000.0,,,,,,,,,,,,,,
Ireland,GreatBrit.,8,0,1000.0,0.0,28102.436848064313,7000.0,7000.0,7000.0,,,,,,,,,,,,,,
Ireland,Spain,1,0,0.0,0.0,0.0,0.0,0.0,0.0,,,,,,,,,,,,,,
Ireland,Spain,2,0,0.0,0.0,0.0,560.0,560.0,2800.0,,,,,,,,,,,,,,
Ireland,Spain,3,0,0.0,0.0,0.0,1461.8856000000003,1461.8856000000003,6300.0,,,,,,,,,,,,,,
Ireland,Spain,4,0,0.0,0.0,0.0,2914.381377656001,2914.381377656001,9800.0,,,,,,,,,,,,,,
Ireland,Spain,5,0,0.0,0.0,0.0,5253.640352528768,5253.640352528768,9800.0,,,,,,,,,,,,,,
Ireland,Spain,6,0,0.0,0.0,0.0,9021.040324151109,9021.040324151109,9800.0,,,,,,,,,,,,,,
Ireland,Spain,7,0,0.0,0.0,0.0,9800.0,9800.0,9800.0,,,,,,,,,,,,,,
Ireland,Spain,8,0,0.0,0.0,0.0,9800.0,9800.0,9800.0,,,,,,,,,,,,,,
Italy,Austria,1,0,500.0,0.0,500.0,500.0,0.0,0.0,,,,,,,,,,,,,,
Italy,Austria,2,0,500.0,600.0,1100.0,1100.0,1060.0,3300.0,,,,,,,,,,,,,,
Italy,Austria,3,0,500.0,600.0,1771.5610000000006,1961.8856000000003,1961.8856000000003,3500.0,,,,,,,,,,,,,,
Italy,Austria,4,0,500.0,600.0,2853.116706110002,3414.381377656001,3414.381377656001,3500.0,,,,,,,,,,,,,,
Italy,Austria,5,0,500.0,600.0,4594.97298635722,3500.0,3500.0,3500.0,,,,,,,,,,,,,,
Italy,Austria,6,0,500.0,600.0,7400.249944258169,3500.0,3500.0,3500.0,,,,,,,,,,,,,,
Italy,Austria,7,0,500.0,600.0,11918.176537727228,3500.0,3500.0,3500.0,,,,,,,,,,,,,,
Italy,Austria,8,0,500.0,600.0,19194.342495775083,3500.0,3500.0,3500.0,,,,,,,,,,,,,,
Italy,BosniaH,1,0,0.0,0.0,0.0,0.0,0.0,0.0,,,,,,,,,,,,,,
Italy,BosniaH,2,0,0.0,0.0,0.0,560.0,560.0,2800.0,,,,,,,,,,,,,,
Italy,BosniaH,3,0,0.0,0.0,0.0,1461.8856000000003,1461.8856000000003,6300.0,,,,,,,,,,,,,,
Italy,BosniaH,4,0,0.0,0.0,0.0,2914.381377656001,2914.381377656001,9800.0,,,,,,,,,,,,,,
Italy,BosniaH,5,0,0.0,0.0,0.0,5253.640352528768,5253.640352528768,9800.0,,,,,,,,,,,,,,
Italy,BosniaH,6,0,0.0,0.0,0.0,9021.040324151109,9021.040324151109,9800.0,,,,,,,,,,,,,,
Italy,BosniaH,7,0,0.0,0.0,0.0,9800.0,9800.0,9800.0,,,,,,,,,,,,,,
Italy,BosniaH,8,0,0.0,0.0,0.0,9800.0,9800.0,9800.0,,,,,,,,,,,,,,
Italy,Croatia,1,0,0.0,0.0,0.0,0.0,0.0,0.0,,,,,,,,,,,,,,
Italy,Croatia,2,0,0.0,0.0,0.0,560.0,560.0,2800.0,,,,,,,,,,,,,,
Italy,Croatia,3,0,0.0,0.0,0.0,1461.8856000000003,1461.8856000000003,6300.0,,,,,,,,,,,,,,
Italy,Croatia,4,0,0.0,0.0,0.0,2914.381377656001,2914.381377656001,9800.0,,,,,,,,,,,,,,
Italy,Croatia,5,0,0.0,0.0,0.0,5253.640352528768,5253.640352528768,9800.0,,,,,,,,,,,,,,
Italy,Croatia,6,0,0.0,0.0,0.0,9021.040324151109,9021.040324151109,9800.0,,,,,,,,,,,,,,
Italy,Croatia,7,0,0.0,0.0,0.0,9800.0,9800.0,9800.0,,,,,,,,,,,,,,
Italy,Croatia,8,0,0.0,0.0,0.0,9800.0,9800.0,9800.0,,,,,,,,,,,,,,
Italy,France,1,0,4000.0,0.0,4000.0,4000.0,0.0,0.0,,,,,,,,,,,,,,
Italy,France,2,0,4000.0,100.0,6442.040000000002,6442.040000000002,4560.0,6800.0,,,,,,,,,,,,,,
Italy,France,3,0,4000.0,100.0,10374.969840400006,10300.0,5461.8856000000005,10300.0,,,,,,,,,,,,,,
Italy,France,4,0,4000.0,100.0,16708.99267766262,14500.0,6914.381377656002,14500.0,,,,,,,,,,,,,,
Italy,France,5,0,4000.0,100.0,26909.999797302436,19400.0,9253.640352528768,19400.0,,,,,,,,,,,,,,
Italy,France,6,0,4000.0,100.0,43338.82377355356,25000.0,13021.040324151109,25000.0,,,,,,,,,,,,,,
Italy,France,7,0,4000.0,100.0,69797.60907554577,28000.0,18621.04032415111,28000.0,,,,,,,,,,,,,,
Italy,France,8,0,4000.0,100.0,112409.74739225725,28000.0,24921.04032415111,28000.0,,,,,,,,,,,,,,
Italy,Germany,1,0,0.0,0.0,0.0,0.0,0.0,0.0,,,,,,,,,,,,,,
Italy,Germany,2,0,0.0,0.0,0.0,560.0,560.0,2800.0,,,,,,,,,,,,,,
Italy,Germany,3,0,0.0,0.0,0.0,1461.8856000000003,1461.8856000000003,6300.0,,,,,,,,,,,,,,
Italy,Germany,4,0,0.0,0.0,0.0,2914.381377656001,2914.381377656001,9800.0,,,,,,,,,,,,,,
Italy,Germany,5,0,0.0,0.0,0.0,5253.640352528768,5253.640352528768,9800.0,,,,,,,,,,,,,,
Italy,Germany,6,0,0.0,0.0,0.0,9021.040324151109,9021.040324151109,9800.0,,,,,,,,,,,,,,
Italy,Germany,7,0,0.0,0.0,0.0,9800.0,9800.0,9800.0,,,,,,,,,,,,,,
Italy,Germany,8,0,0.0,0.0,0.0,9800.0,9800.0,9800.0,,,,,,,,,,,,,,
Italy,Greece,1,0,500.0,0.0,500.0,500.0,0.0,0.0,,,,,,,,,,,,,,
Italy,Greece,2,0,500.0,0.0,805.2550000000002,1060.0,1060.0,3300.0,,,,,,,,,,,,,,
Italy,Greece,3,0,500.0,0.0,1296.8712300500008,1961.8856000000003,1961.8856000000003,3500.0,,,,,,,,,,,,,,
Italy,Greece,4,0,500.0,0.0,2088.6240847078275,3414.381377656001,3414.381377656001,3500.0,,,,,,,,,,,,,,
Italy,Greece,5,0,500.0,0.0,3363.7499746628046,3500.0,3500.0,3500.0,,,,,,,,,,,,,,
Italy,Greece,6,0,500.0,0.0,5417.352971694195,3500.0,3500.0,3500.0,,,,,,,,,,,,,,
Italy,Greece,7,0,500.0,0.0,8724.701134443221,3500.0,3500.0,3500.0,,,,,,,,,,,,,,
Italy,Greece,8,0,500.0,0.0,14051.218424032157,3500.0,3500.0,3500.0,,,,,,,,,,,,,,
Italy,Switzerland,1,0,3025.0,0.0,3025.0,3025.0,0.0,0.0,,,,,,,,,,,,,,
Italy,Switzerland,2,0,3025.0,1700.0,4871.792750000001,4871.792750000001,3585.0,5825.0,,,,,,,,,,,,,,
Italy,Switzerland,3,0,3025.0,1700.0,7846.070941802505,7846.070941802505,4486.8856000000005,9325.0,,,,,,,,,,,,,,
Italy,Switzerland,4,0,3025.0,1700.0,12636.175712482358,12636.175712482358,5939.381377656002,13525.0,,,,,,,,,,,,,,
Italy,Switzerland,5,0,3025.0,1700.0,20350.68734670997,18425.0,8278.640352528768,18425.0,,,,,,,,,,,,,,
Italy,Switzerland,6,0,3025.0,1700.0,32774.985478749884,21175.0,12046.040324151109,21175.0,,,,,,,,,,,,,,
Italy,Switzerland,7,0,3025.0,1700.0,52784.44186338149,21175.0,17646.04032415111,21175.0,,,,,,,,,,,,,,
Italy,Switzerland,8,0,3025.0,1700.0,85009.87146539456,21175.0,21175.0,21175.0,,,,,,,,,,,,,,
Latvia,Estonia,1,0,1300.0,0.0,1300.0,1300.0,0.0,0.0,,,,,,,,,,,,,,
Latvia,Estonia,2,0,1300.0,700.0,2093.663000000001,2093.663000000001,1860.0,4100.0,,,,,,,,,,,,,,
Latvia,Estonia,3,0,1300.0,700.0,3371.8651981300027,3371.8651981300027,2761.8856000000005,7600.0,,,,,,,,,,,,,,
Latvia,Estonia,4,0,1300.0,700.0,5430.422620240352,5430.422620240352,4214.381377656002,9100.0,,,,,,,,,,,,,,
Latvia,Estonia,5,0,1300.0,700.0,8745.749934123292,8745.749934123292,6553.640352528769,9100.0,,,,,,,,,,,,,,
Latvia,Estonia,6,0,1300.0,700.0,14085.11772640491,9100.0,9100.0,9100.0,,,,,,,,,,,,,,
Latvia,Estonia,7,0,1300.0,700.0,22684.22294955238,9100.0,9100.0,9100.0,,,,,,,,,,,,,,
Latvia,Estonia,8,0,1300.0,700.0,36533.16790248361,9100.0,9100.0,9100.0,,,,,,,,,,,,,,
Latvia,Lithuania,1,0,1400.0,0.0,1400.0,1400.0,0.0,0.0,,,,,,,,,,,,,,
Latvia,Lithuania,2,0,1400.0,0.0,2254.714000000001,2254.714000000001,1960.0,4200.0,,,,,,,,,,,,,,
Latvia,Lithuania,3,0,1400.0,0.0,3631.2394441400024,3631.2394441400024,2861.8856000000005,7700.0,,,,,,,,,,,,,,
Latvia,Lithuania,4,0,1400.0,0.0,5848.147437181918,5848.147437181918,4314.381377656002,9800.0,,,,,,,,,,,,,,
Latvia,Lithuania,5,0,1400.0,0.0,9418.499929055853,9418.499929055853,6653.640352528769,9800.0,,,,,,,,,,,,,,
Latvia,Lithuania,6,0,1400.0,0.0,15168.588320743747,9800.0,9800.0,9800.0,,,,,,,,,,,,,,
Latvia,Lithuania,7,0,1400.0,0.0,24429.16317644102,9800.0,9800.0,9800.0,,,,,,,,,,,,,,
Latvia,Lithuania,8,0,1400.0,0.0,39343.41158729004,9800.0,9800.0,9800.0,,,,,,,,,,,,,,
Luxemb.,Belgium,1,0,1000.0,0.0,1000.0,1000.0,0.0,0.0,,,,,,,,,,,,,,
Luxemb.,Belgium,2,0,1000.0,0.0,1610.5100000000004,1610.5100000000004,1560.0,3800.0,,,,,,,,,,,,,,
Luxemb.,Belgium,3,0,1000.0,0.0,2593.7424601000016,2593.7424601000016,2461.8856000000005,7000.0,,,,,,,,,,,,,,
Luxemb.,Belgium,4,0,1000.0,0.0,4177.248169415655,4177.248169415655,3914.3813776560014,7000.0,,,,,,,,,,,,,,
Luxemb.,Belgium,5,0,1000.0,0.0,6727.499949325609,6727.499949325609,6253.640352528768,7000.0,,,,,,,,,,,,,,
Luxemb.,Belgium,6,0,1000.0,0.0,10834.70594338839,7000.0,7000.0,7000.0,,,,,,,,,,,,,,
Luxemb.,Belgium,7,0,1000.0,0.0,17449.402268886442,7000.0,7000.0,7000.0,,,,,,,,,,,,,,
Luxemb.,Belgium,8,0,1000.0,0.0,28102.436848064313,7000.0,7000.0,7000.0,,,,,,,,,,,,,,
Luxemb.,France,1,0,0.0,0.0,0.0,0.0,0.0,0.0,,,,,,,,,,,,,,
Luxemb.,France,2,0,0.0,0.0,0.0,560.0,560.0,2800.0,,,,,,,,,,,,,,
Luxemb.,France,3,0,0.0,0.0,0.0,1461.8856000000003,1461.8856000000003,6300.0,,,,,,,,,,,,,,
Luxemb.,France,4,0,0.0,0.0,0.0,2914.381377656001,2914.381377656001,9800.0,,,,,,,,,,,,,,
Luxemb.,France,5,0,0.0,0.0,0.0,5253.640352528768,5253.640352528768,9800.0,,,,,,,,,,,,,,
Luxemb.,France,6,0,0.0,0.0,0.0,9021.040324151109,9021.040324151109,9800.0,,,,,,,,,,,,,,
Luxemb.,France,7,0,0.0,0.0,0.0,9800.0,9800.0,9800.0,,,,,,,,,,,,,,
Luxemb.,France,8,0,0.0,0.0,0.0,9800.0,9800.0,9800.0,,,,,,,,,,,,,,
Luxemb.,Germany,1,0,980.0,0.0,980.0,980.0,0.0,0.0,,,,,,,,,,,,,,
Luxemb.,Germany,2,0,980.0,1000.0,1980.0,1980.0,1540.0,3780.0,,,,,,,,,,,,,,
Luxemb.,Germany,3,0,980.0,1000.0,3188.809800000001,3188.809800000001,2441.8856000000005,6860.0,,,,,,,,,,,,,,
Luxemb.,Germany,4,0,980.0,1000.0,5135.610070998003,5135.610070998003,3894.3813776560014,6860.0,,,,,,,,,,,,,,
Luxemb.,Germany,5,0,980.0,1000.0,8270.951375442997,6860.0,6233.640352528768,6860.0,,,,,,,,,,,,,,
Luxemb.,Germany,6,0,980.0,1000.0,13320.449899664705,6860.0,6860.0,6860.0,,,,,,,,,,,,,,
Luxemb.,Germany,7,0,980.0,1000.0,21452.717767909013,6860.0,6860.0,6860.0,,,,,,,,,,,,,,
Luxemb.,Germany,8,0,980.0,1000.0,34549.816492395155,6860.0,6860.0,6860.0,,,,,,,,,,,,,,
Macedonia,Bulgaria,1,0,400.0,0.0,400.0,400.0,0.0,0.0,,,,,,,,,,,,,,
Macedonia,Bulgaria,2,0,400.0,0.0,644.2040000000002,960.0,960.0,2800.0,,,,,,,,,,,,,,
Macedonia,Bulgaria,3,0,400.0,0.0,1037.4969840400006,1861.8856000000003,1861.8856000000003,2800.0,,,,,,,,,,,,,,
Macedonia,Bulgaria,4,0,400.0,0.0,1670.899267766262,2800.0,2800.0,2800.0,,,,,,,,,,,,,,
Macedonia,Bulgaria,5,0,400.0,0.0,2690.9999797302435,2800.0,2800.0,2800.0,,,,,,,,,,,,,,
Macedonia,Bulgaria,6,0,400.0,0.0,4333.882377355356,2800.0,2800.0,2800.0,,,,,,,,,,,,,,
Macedonia,Bulgaria,7,0,400.0,0.0,6979.760907554577,2800.0,2800.0,2800.0,,,,,,,,,,,,,,
Macedonia,Bulgaria,8,0,400.0,0.0,11240.974739225725,2800.0,2800.0,2800.0,,,,,,,,,,,,,,
Macedonia,Greece,1,0,1000.0,0.0,1000.0,1000.0,0.0,0.0,,,,,,,,,,,,,,
Macedonia,Greece,2,0,1000.0,0.0,1610.5100000000004,1610.5100000000004,1560.0,3800.0,,,,,,,,,,,,,,
Macedonia,Greece,3,0,1000.0,0.0,2593.7424601000016,2593.7424601000016,2461.8856000000005,7000.0,,,,,,,,,,,,,,
Macedonia,Greece,4,0,1000.0,0.0,4177.248169415655,4177.248169415655,3914.3813776560014,7000.0,,,,,,,,,,,,,,
Macedonia,Greece,5,0,1000.0,0.0,6727.499949325609,6727.499949325609,6253.640352528768,7000.0,,,,,,,,,,,,,,
Macedonia,Greece,6,0,1000.0,0.0,10834.70594338839,7000.0,7000.0,7000.0,,,,,,,,,,,,,,
Macedonia,Greece,7,0,1000.0,0.0,17449.402268886442,7000.0,7000.0,7000.0,,,,,,,,,,,,,,
Macedonia,Greece,8,0,1000.0,0.0,28102.436848064313,7000.0,7000.0,7000.0,,,,,,,,,,,,,,
MorayFirth,GreatBrit.,1,1,588.0,0.0,50000.0,50000.0,0.0,0.0,,,,,,,,,,,,,,
MorayFirth,GreatBrit.,2,1,588.0,0.0,50000.0,50000.0,0.0,0.0,,,,,,,,,,,,,,
MorayFirth,GreatBrit.,3,1,588.0,0.0,50000.0,50000.0,0.0,0.0,,,,,,,,,,,,,,
MorayFirth,GreatBrit.,4,1,588.0,0.0,50000.0,50000.0,0.0,0.0,,,,,,,,,,,,,,
MorayFirth,GreatBrit.,5,1,588.0,0.0,50000.0,50000.0,0.0,0.0,,,,,,,,,,,,,,
MorayFirth,GreatBrit.,6,1,588.0,0.0,50000.0,50000.0,0.0,0.0,,,,,,,,,,,,,,
MorayFirth,GreatBrit.,7,1,588.0,0.0,50000.0,50000.0,0.0,0.0,,,,,,,,,,,,,,
MorayFirth,GreatBrit.,8,1,588.0,0.0,50000.0,50000.0,0.0,0.0,,,,,,,,,,,,,,
Netherlands,Belgium,1,0,3000.0,0.0,3000.0,3000.0,0.0,0.0,,,,,,,,,,,,,,
Netherlands,Belgium,2,0,3000.0,2900.0,5900.0,5800.0,3560.0,5800.0,,,,,,,,,,,,,,
Netherlands,Belgium,3,0,3000.0,2900.0,9502.009000000004,9300.0,4461.8856000000005,9300.0,,,,,,,,,,,,,,
Netherlands,Belgium,4,0,3000.0,2900.0,15303.08051459001,13500.0,5914.381377656002,13500.0,,,,,,,,,,,,,,
Netherlands,Belgium,5,0,3000.0,2900.0,24645.764199552366,18400.0,8253.640352528768,18400.0,,,,,,,,,,,,,,
Netherlands,Belgium,6,0,3000.0,2900.0,39692.249701021094,21000.0,12021.040324151109,21000.0,,,,,,,,,,,,,,
Netherlands,Belgium,7,0,3000.0,2900.0,63924.7650659915,21000.0,17621.04032415111,21000.0,,,,,,,,,,,,,,
Netherlands,Belgium,8,0,3000.0,2900.0,102951.47338643,21000.0,21000.0,21000.0,,,,,,,,,,,,,,
Netherlands,Denmark,1,0,700.0,0.0,700.0,700.0,0.0,0.0,,,,,,,,,,,,,,
Netherlands,Denmark,2,0,700.0,0.0,1127.3570000000004,1260.0,1260.0,3500.0,,,,,,,,,,,,,,
Netherlands,Denmark,3,0,700.0,0.0,1815.6197220700012,2161.8856000000005,2161.8856000000005,4900.0,,,,,,,,,,,,,,
Netherlands,Denmark,4,0,700.0,0.0,2924.073718590959,3614.3813776560014,3614.3813776560014,4900.0,,,,,,,,,,,,,,
Netherlands,Denmark,5,0,700.0,0.0,4709.249964527927,4900.0,4900.0,4900.0,,,,,,,,,,,,,,
Netherlands,Denmark,6,0,700.0,0.0,7584.294160371874,4900.0,4900.0,4900.0,,,,,,,,,,,,,,
Netherlands,Denmark,7,0,700.0,0.0,12214.58158822051,4900.0,4900.0,4900.0,,,,,,,,,,,,,,
Netherlands,Denmark,8,0,700.0,0.0,19671.70579364502,4900.0,4900.0,4900.0,,,,,,,,,,,,,,
Netherlands,Germany,1,0,3425.0,0.0,3425.0,3425.0,0.0,0.0,,,,,,,,,,,,,,
Netherlands,Germany,2,0,3425.0,899.9999999999999,5515.996750000002,5515.996750000002,3985.0,6225.0,,,,,,,,,,,,,,
Netherlands,Germany,3,0,3425.0,899.9999999999999,8883.567925842506,8883.567925842506,4886.8856000000005,9725.0,,,,,,,,,,,,,,
Netherlands,Germany,4,0,3425.0,899.9999999999999,14307.074980248619,13925.0,6339.381377656002,13925.0,,,,,,,,,,,,,,
Netherlands,Germany,5,0,3425.0,899.9999999999999,23041.68732644021,18825.0,8678.640352528768,18825.0,,,,,,,,,,,,,,
Netherlands,Germany,6,0,3425.0,899.9999999999999,37108.86785610524,23975.0,12446.040324151109,23975.0,,,,,,,,,,,,,,
Netherlands,Germany,7,0,3425.0,899.9999999999999,59764.20277093606,23975.0,18046.04032415111,23975.0,,,,,,,,,,,,,,
Netherlands,Germany,8,0,3425.0,899.9999999999999,96250.84620462028,23975.0,23975.0,23975.0,,,,,,,,,,,,,,
Netherlands,GreatBrit.,1,0,1000.0,0.0,1000.0,1000.0,0.0,0.0,,,,,,,,,,,,,,
Netherlands,GreatBrit.,2,0,1000.0,0.0,1610.5100000000004,1610.5100000000004,1560.0,3800.0,,,,,,,,,,,,,,
Netherlands,GreatBrit.,3,0,1000.0,0.0,2593.7424601000016,2593.7424601000016,2461.8856000000005,7000.0,,,,,,,,,,,,,,
Netherlands,GreatBrit.,4,0,1000.0,0.0,4177.248169415655,4177.248169415655,3914.3813776560014,7000.0,,,,,,,,,,,,,,
Netherlands,GreatBrit.,5,0,1000.0,0.0,6727.499949325609,6727.499949325609,6253.640352528768,7000.0,,,,,,,,,,,,,,
Netherlands,GreatBrit.,6,0,1000.0,0.0,10834.70594338839,7000.0,7000.0,7000.0,,,,,,,,,,,,,,
Netherlands,GreatBrit.,7,0,1000.0,0.0,17449.402268886442,7000.0,7000.0,7000.0,,,,,,,,,,,,,,
Netherlands,GreatBrit.,8,0,1000.0,0.0,28102.436848064313,7000.0,7000.0,7000.0,,,,,,,,,,,,,,
NO2,Belgium,1,0,0.0,0.0,0.0,0.0,0.0,0.0,,,,,,,,,,,,,,
NO2,Belgium,2,0,0.0,0.0,0.0,560.0,560.0,2800.0,,,,,,,,,,,,,,
NO2,Belgium,3,0,0.0,0.0,0.0,1461.8856000000003,1461.8856000000003,6300.0,,,,,,,,,,,,,,
NO2,Belgium,4,0,0.0,0.0,0.0,2914.381377656001,2914.381377656001,9800.0,,,,,,,,,,,,,,
NO2,Belgium,5,0,0.0,0.0,0.0,5253.640352528768,5253.640352528768,9800.0,,,,,,,,,,,,,,
NO2,Belgium,6,0,0.0,0.0,0.0,9021.040324151109,9021.040324151109,9800.0,,,,,,,,,,,,,,
NO2,Belgium,7,0,0.0,0.0,0.0,9800.0,9800.0,9800.0,,,,,,,,,,,,,,
NO2,Belgium,8,0,0.0,0.0,0.0,9800.0,9800.0,9800.0,,,,,,,,,,,,,,
NO2,Denmark,1,0,1640.0,0.0,1640.0,1640.0,0.0,0.0,,,,,,,,,,,,,,
NO2,Denmark,2,0,1640.0,0.0,2641.2364000000007,2641.2364000000007,2200.0,4440.0,,,,,,,,,,,,,,
NO2,Denmark,3,0,1640.0,0.0,4253.737634564002,4253.737634564002,3101.8856000000005,7940.0,,,,,,,,,,,,,,
NO2,Denmark,4,0,1640.0,0.0,6850.6869978416735,6850.6869978416735,4554.381377656002,11480.0,,,,,,,,,,,,,,
NO2,Denmark,5,0,1640.0,0.0,11033.099916893998,11033.099916893998,6893.640352528769,11480.0,,,,,,,,,,,,,,
NO2,Denmark,6,0,1640.0,0.0,17768.91774715696,11480.0,10661.04032415111,11480.0,,,,,,,,,,,,,,
NO2,Denmark,7,0,1640.0,0.0,28617.019720973767,11480.0,11480.0,11480.0,,,,,,,,,,,,,,
NO2,Denmark,8,0,1640.0,0.0,46087.99643082548,11480.0,11480.0,11480.0,,,,,,,,,,,,,,
NO2,Draupner,1,3,0.0,0.0,500.0,500.0,0.0,0.0,,,,,,,,,,,,,,
NO2,Draupner,2,3,0.0,0.0,500.0,500.0,0.0,0.0,,,,,,,,,,,,,,
NO2,Draupner,3,3,0.0,0.0,500.0,500.0,0.0,0.0,,,,,,,,,,,,,,
NO2,Draupner,4,3,0.0,0.0,500.0,500.0,0.0,0.0,,,,,,,,,,,,,,
NO2,Draupner,5,3,0.0,0.0,500.0,500.0,0.0,0.0,,,,,,,,,,,,,,
NO2,Draupner,6,3,0.0,0.0,500.0,500.0,0.0,0.0,,,,,,,,,,,,,,
NO2,Draupner,7,3,0.0,0.0,500.0,500.0,0.0,0.0,,,,,,,,,,,,,,
NO2,Draupner,8,3,0.0,0.0,500.0,500.0,0.0,0.0,,,,,,,,,,,,,,
NO2,Germany,1,0,1400.0,0.0,1400.0,1400.0,0.0,0.0,,,,,,,,,,,,,,
NO2,Germany,2,0,1400.0,0.0,2254.714000000001,2254.714000000001,1960.0,4200.0,,,,,,,,,,,,,,
NO2,Germany,3,0,0.0,0.0,3631.2394441400024,3631.2394441400024,2861.8856000000005,7700.0,,,,,,,,,,,,,,
NO2,Germany,4,0,1400.0,0.0,5848.147437181918,5848.147437181918,4314.381377656002,9800.0,,,,,,,,,,,,,,
NO2,Germany,5,0,1400.0,0.0,9418.499929055853,9418.499929055853,6653.640352528769,9800.0,,,,,,,,,,,,,,
NO2,Germany,6,0,1400.0,0.0,15168.588320743747,9800.0,9800.0,9800.0,,,,,,,,,,,,,,
NO2,Germany,7,0,1400.0,0.0,24429.16317644102,9800.0,9800.0,9800.0,,,,,,,,,,,,,,
NO2,Germany,8,0,1400.0,0.0,39343.41158729004,9800.0,9800.0,9800.0,,,,,,,,,,,,,,
NO2,GreatBrit.,1,0,1400.0,0.0,1400.0,1400.0,0.0,0.0,,,,,,,,,,,,,,
NO2,GreatBrit.,2,0,1400.0,0.0,2254.714000000001,2254.714000000001,1960.0,4200.0,,,,,,,,,,,,,,
NO2,GreatBrit.,3,0,1400.0,0.0,3631.2394441400024,3631.2394441400024,2861.8856000000005,7700.0,,,,,,,,,,,,,,
NO2,GreatBrit.,4,0,1400.0,0.0,5848.147437181918,5848.147437181918,4314.381377656002,9800.0,,,,,,,,,,,,,,
NO2,GreatBrit.,5,0,1400.0,0.0,9418.499929055853,9418.499929055853,6653.640352528769,9800.0,,,,,,,,,,,,,,
NO2,GreatBrit.,6,0,1400.0,0.0,15168.588320743747,9800.0,9800.0,9800.0,,,,,,,,,,,,,,
NO2,GreatBrit.,7,0,1400.0,0.0,24429.16317644102,9800.0,9800.0,9800.0,,,,,,,,,,,,,,
NO2,GreatBrit.,8,0,1400.0,0.0,39343.41158729004,9800.0,9800.0,9800.0,,,,,,,,,,,,,,
NO2,Netherlands,1,0,700.0,0.0,700.0,700.0,0.0,0.0,,,,,,,,,,,,,,
NO2,Netherlands,2,0,700.0,0.0,1127.3570000000004,1260.0,1260.0,3500.0,,,,,,,,,,,,,,
NO2,Netherlands,3,0,700.0,0.0,1815.6197220700012,2161.8856000000005,2161.8856000000005,4900.0,,,,,,,,,,,,,,
NO2,Netherlands,4,0,700.0,0.0,2924.073718590959,3614.3813776560014,3614.3813776560014,4900.0,,,,,,,,,,,,,,
NO2,Netherlands,5,0,700.0,0.0,4709.249964527927,4900.0,4900.0,4900.0,,,,,,,,,,,,,,
NO2,Netherlands,6,0,700.0,0.0,7584.294160371874,4900.0,4900.0,4900.0,,,,,,,,,,,,,,
NO2,Netherlands,7,0,700.0,0.0,12214.58158822051,4900.0,4900.0,4900.0,,,,,,,,,,,,,,
NO2,Netherlands,8,0,700.0,0.0,19671.70579364502,4900.0,4900.0,4900.0,,,,,,,,,,,,,,
NO2,NO1,1,0,3500.0,0.0,3500.0,3500.0,0.0,0.0,,,,,,,,,,,,,,
NO2,NO1,2,0,3500.0,0.0,5636.785000000002,5636.785000000002,4060.0,6300.0,,,,,,,,,,,,,,
NO2,NO1,3,0,3500.0,0.0,9078.098610350005,9078.098610350005,4961.8856000000005,9800.0,,,,,,,,,,,,,,
NO2,NO1,4,0,3500.0,0.0,14620.368592954792,14000.0,6414.381377656002,14000.0,,,,,,,,,,,,,,
NO2,NO1,5,0,3500.0,0.0,23546.24982263963,18900.0,8753.640352528768,18900.0,,,,,,,,,,,,,,
NO2,NO1,6,0,3500.0,0.0,37921.47080185937,24500.0,12521.040324151109,24500.0,,,,,,,,,,,,,,
NO2,NO1,7,0,3500.0,0.0,61072.90794110255,24500.0,18121.04032415111,24500.0,,,,,,,,,,,,,,
NO2,NO1,8,0,3500.0,0.0,98358.5289682251,24500.0,24421.04032415111,24500.0,,,,,,,,,,,,,,
NO3,NO1,1,0,500.0,0.0,500.0,500.0,0.0,0.0,,,,,,,,,,,,,,
NO3,NO1,2,0,500.0,0.0,805.2550000000002,1060.0,1060.0,3300.0,,,,,,,,,,,,,,
NO3,NO1,3,0,500.0,0.0,1296.8712300500008,1961.8856000000003,1961.8856000000003,3500.0,,,,,,,,,,,,,,
NO3,NO1,4,0,500.0,0.0,2088.6240847078275,3414.381377656001,3414.381377656001,3500.0,,,,,,,,,,,,,,
NO3,NO1,5,0,500.0,0.0,3363.7499746628046,3500.0,3500.0,3500.0,,,,,,,,,,,,,,
NO3,NO1,6,0,500.0,0.0,5417.352971694195,3500.0,3500.0,3500.0,,,,,,,,,,,,,,
NO3,NO1,7,0,500.0,0.0,8724.701134443221,3500.0,3500.0,3500.0,,,,,,,,,,,,,,
NO3,NO1,8,0,500.0,0.0,14051.218424032157,3500.0,3500.0,3500.0,,,,,,,,,,,,,,
NO4,Finland,1,0,100.0,0.0,100.0,100.0,0.0,0.0,,,,,,,,,,,,,,
NO4,Finland,2,0,100.0,0.0,161.05100000000004,660.0,660.0,700.0,,,,,,,,,,,,,,
NO4,Finland,3,0,100.0,0.0,259.37424601000015,700.0,700.0,700.0,,,,,,,,,,,,,,
NO4,Finland,4,0,100.0,0.0,417.7248169415655,700.0,700.0,700.0,,,,,,,,,,,,,,
NO4,Finland,5,0,100.0,0.0,672.7499949325609,700.0,700.0,700.0,,,,,,,,,,,,,,
NO4,Finland,6,0,100.0,0.0,1083.470594338839,700.0,700.0,700.0,,,,,,,,,,,,,,
NO4,Finland,7,0,100.0,0.0,1744.9402268886442,700.0,700.0,700.0,,,,,,,,,,,,,,
NO4,Finland,8,0,100.0,0.0,2810.2436848064312,700.0,700.0,700.0,,,,,,,,,,,,,,
NO4,NO3,1,0,1200.0,0.0,1200.0,1200.0,0.0,0.0,,,,,,,,,,,,,,
NO4,NO3,2,0,1200.0,1200.0,2400.0,2400.0,1760.0,4000.0,,,,,,,,,,,,,,
NO4,NO3,3,0,1200.0,1200.0,3865.2240000000015,3865.2240000000015,2661.8856000000005,7500.0,,,,,,,,,,,,,,
NO4,NO3,4,0,1200.0,1200.0,6224.981904240005,6224.981904240005,4114.381377656002,8400.0,,,,,,,,,,,,,,
NO4,NO3,5,0,1200.0,1200.0,10025.395606597574,8400.0,6453.640352528769,8400.0,,,,,,,,,,,,,,
NO4,NO3,6,0,1200.0,1200.0,16145.999878381464,8400.0,8400.0,8400.0,,,,,,,,,,,,,,
NO4,NO3,7,0,1200.0,1200.0,26003.294264132142,8400.0,8400.0,8400.0,,,,,,,,,,,,,,
NO4,NO3,8,0,1200.0,1200.0,41878.56544532747,8400.0,8400.0,8400.0,,,,,,,,,,,,,,
NO5,GreatBrit.,1,0,0.0,0.0,0.0,0.0,0.0,0.0,,,,,,,,,,,,,,
NO5,GreatBrit.,2,0,0.0,0.0,0.0,560.0,560.0,2800.0,,,,,,,,,,,,,,
NO5,GreatBrit.,3,0,0.0,0.0,0.0,1461.8856000000003,1461.8856000000003,6300.0,,,,,,,,,,,,,,
NO5,GreatBrit.,4,0,0.0,0.0,0.0,2914.381377656001,2914.381377656001,9800.0,,,,,,,,,,,,,,
NO5,GreatBrit.,5,0,0.0,0.0,0.0,5253.640352528768,5253.640352528768,9800.0,,,,,,,,,,,,,,
NO5,GreatBrit.,6,0,0.0,0.0,0.0,9021.040324151109,9021.040324151109,9800.0,,,,,,,,,,,,,,
NO5,GreatBrit.,7,0,0.0,0.0,0.0,9800.0,9800.0,9800.0,,,,,,,,,,,,,,
NO5,GreatBrit.,8,0,0.0,0.0,0.0,9800.0,9800.0,9800.0,,,,,,,,,,,,,,
NO5,NO1,1,0,3900.0,0.0,3900.0,3900.0,0.0,0.0,,,,,,,,,,,,,,
NO5,NO1,2,0,3900.0,0.0,6280.989000000002,6280.989000000002,4460.0,6700.0,,,,,,,,,,,,,,
NO5,NO1,3,0,3900.0,0.0,10115.595594390008,10115.595594390008,5361.8856000000005,10200.0,,,,,,,,,,,,,,
NO5,NO1,4,0,3900.0,0.0,16291.267860721058,14400.0,6814.381377656002,14400.0,,,,,,,,,,,,,,
NO5,NO1,5,0,3900.0,0.0,26237.24980236988,19300.0,9153.640352528768,19300.0,,,,,,,,,,,,,,
NO5,NO1,6,0,3900.0,0.0,42255.353179214726,24900.0,12921.040324151109,24900.0,,,,,,,,,,,,,,
NO5,NO1,7,0,3900.0,0.0,68052.66884865714,27300.0,18521.04032415111,27300.0,,,,,,,,,,,,,,
NO5,NO1,8,0,3900.0,0.0,109599.50370745084,27300.0,24821.04032415111,27300.0,,,,,,,,,,,,,,
NO5,NO2,1,0,600.0,0.0,600.0,600.0,0.0,0.0,,,,,,,,,,,,,,
NO5,NO2,2,0,600.0,0.0,966.3060000000004,1160.0,1160.0,3400.0,,,,,,,,,,,,,,
NO5,NO2,3,0,600.0,0.0,1556.2454760600012,2061.8856000000005,2061.8856000000005,4200.0,,,,,,,,,,,,,,
NO5,NO2,4,0,600.0,0.0,2506.3489016493936,3514.3813776560014,3514.3813776560014,4200.0,,,,,,,,,,,,,,
NO5,NO2,5,0,600.0,0.0,4036.499969595366,4200.0,4200.0,4200.0,,,,,,,,,,,,,,
NO5,NO2,6,0,600.0,0.0,6500.823566033036,4200.0,4200.0,4200.0,,,,,,,,,,,,,,
NO5,NO2,7,0,600.0,0.0,10469.641361331867,4200.0,4200.0,4200.0,,,,,,,,,,,,,,
NO5,NO2,8,0,600.0,0.0,16861.46210883859,4200.0,4200.0,4200.0,,,,,,,,,,,,,,
NO5,NO3,1,0,650.0,0.0,650.0,650.0,0.0,0.0,,,,,,,,,,,,,,
NO5,NO3,2,0,650.0,0.0,1046.8315000000005,1210.0,1210.0,3450.0,,,,,,,,,,,,,,
NO5,NO3,3,0,650.0,0.0,1685.9325990650013,2111.8856000000005,2111.8856000000005,4550.0,,,,,,,,,,,,,,
NO5,NO3,4,0,650.0,0.0,2715.211310120176,3564.3813776560014,3564.3813776560014,4550.0,,,,,,,,,,,,,,
NO5,NO3,5,0,650.0,0.0,4372.874967061646,4550.0,4550.0,4550.0,,,,,,,,,,,,,,
NO5,NO3,6,0,650.0,0.0,7042.558863202455,4550.0,4550.0,4550.0,,,,,,,,,,,,,,
NO5,NO3,7,0,650.0,0.0,11342.11147477619,4550.0,4550.0,4550.0,,,,,,,,,,,,,,
NO5,NO3,8,0,650.0,0.0,18266.583951241806,4550.0,4550.0,4550.0,,,,,,,,,,,,,,
NO5,Sleipner,1,3,0.0,0.0,500.0,500.0,0.0,0.0,,,,,,,,,,,,,,
NO5,Sleipner,2,3,0.0,0.0,500.0,500.0,0.0,0.0,,,,,,,,,,,,,,
NO5,Sleipner,3,3,0.0,0.0,500.0,500.0,0.0,0.0,,,,,,,,,,,,,,
NO5,Sleipner,4,3,0.0,0.0,500.0,500.0,0.0,0.0,,,,,,,,,,,,,,
NO5,Sleipner,5,3,0.0,0.0,500.0,500.0,0.0,0.0,,,,,,,,,,,,,,
NO5,Sleipner,6,3,0.0,0.0,500.0,500.0,0.0,0.0,,,,,,,,,,,,,,
NO5,Sleipner,7,3,0.0,0.0,500.0,500.0,0.0,0.0,,,,,,,,,,,,,,
NO5,Sleipner,8,3,0.0,0.0,500.0,500.0,0.0,0.0,,,,,,,,,,,,,,
Nordsøen,Borssele,1,2,0.0,0.0,0.0,0.0,0.0,0.0,,,,,,,,,,,,,,
Nordsøen,Borssele,2,2,0.0,0.0,0.0,0.0,0.0,0.0,,,,,,,,,,,,,,
Nordsøen,Borssele,3,2,0.0,0.0,0.0,0.0,0.0,0.0,,,,,,,,,,,,,,
Nordsøen,Borssele,4,2,0.0,0.0,0.0,0.0,0.0,0.0,,,,,,,,,,,,,,
Nordsøen,Borssele,5,2,0.0,0.0,0.0,0.0,0.0,0.0,,,,,,,,,,,,,,
Nordsøen,Borssele,6,2,0.0,0.0,0.0,0.0,0.0,0.0,,,,,,,,,,,,,,
Nordsøen,Borssele,7,2,0.0,0.0,0.0,0.0,0.0,0.0,,,,,,,,,,,,,,
Nordsøen,Borssele,8,2,0.0,0.0,0.0,0.0,0.0,0.0,,,,,,,,,,,,,,
Nordsøen,Denmark,1,1,1120.0,0.0,50000.0,50000.0,0.0,0.0,,,,,,,,,,,,,,
Nordsøen,Denmark,2,1,1120.0,0.0,50000.0,50000.0,0.0,0.0,,,,,,,,,,,,,,
Nordsøen,Denmark,3,1,1120.0,0.0,50000.0,50000.0,0.0,0.0,,,,,,,,,,,,,,
Nordsøen,Denmark,4,1,1120.0,0.0,50000.0,50000.0,0.0,0.0,,,,,,,,,,,,,,
Nordsøen,Denmark,5,1,1120.0,0.0,50000.0,50000.0,0.0,0.0,,,,,,,,,,,,,,
Nordsøen,Denmark,6,1,1120.0,0.0,50000.0,50000.0,0.0,0.0,,,,,,,,,,,,,,
Nordsøen,Denmark,7,1,1120.0,0.0,50000.0,50000.0,0.0,0.0,,,,,,,,,,,,,,
Nordsøen,Denmark,8,1,1120.0,0.0,50000.0,50000.0,0.0,0.0,,,,,,,,,,,,,,
Nordsøen,DoggerBank,1,2,0.0,0.0,0.0,0.0,0.0,0.0,,,,,,,,,,,,,,
Nordsøen,DoggerBank,2,2,0.0,0.0,0.0,0.0,0.0,0.0,,,,,,,,,,,,,,
Nordsøen,DoggerBank,3,2,0.0,0.0,0.0,0.0,0.0,0.0,,,,,,,,,,,,,,
Nordsøen,DoggerBank,4,2,0.0,0.0,0.0,0.0,0.0,0.0,,,,,,,,,,,,,,
Nordsøen,DoggerBank,5,2,0.0,0.0,0.0,0.0,0.0,0.0,,,,,,,,,,,,,,
Nordsøen,DoggerBank,6,2,0.0,0.0,0.0,0.0,0.0,0.0,,,,,,,,,,,,,,
Nordsøen,DoggerBank,7,2,0.0,0.0,0.0,0.0,0.0,0.0,,,,,,,,,,,,,,
Nordsøen,DoggerBank,8,2,0.0,0.0,0.0,0.0,0.0,0.0,,,,,,,,,,,,,,
Nordsøen,EastAnglia,1,2,0.0,0.0,0.0,0.0,0.0,0.0,,,,,,,,,,,,,,
Nordsøen,EastAnglia,2,2,0.0,0.0,0.0,0.0,0.0,0.0,,,,,,,,,,,,,,
Nordsøen,EastAnglia,3,2,0.0,0.0,0.0,0.0,0.0,0.0,,,,,,,,,,,,,,
Nordsøen,EastAnglia,4,2,0.0,0.0,0.0,0.0,0.0,0.0,,,,,,,,,,,,,,
Nordsøen,EastAnglia,5,2,0.0,0.0,0.0,0.0,0.0,0.0,,,,,,,,,,,,,,
Nordsøen,EastAnglia,6,2,0.0,0.0,0.0,0.0,0.0,0.0,,,,,,,,,,,,,,
Nordsøen,EastAnglia,7,2,0.0,0.0,0.0,0.0,0.0,0.0,,,,,,,,,,,,,,
Nordsøen,EastAnglia,8,2,0.0,0.0,0.0,0.0,0.0,0.0,,,,,,,,,,,,,,
Nordsøen,FirthofForth,1,2,0.0,0.0,0.0,0.0,0.0,0.0,,,,,,,,,,,,,,
Nordsøen,FirthofForth,2,2,0.0,0.0,0.0,0.0,0.0,0.0,,,,,,,,,,,,,,
Nordsøen,FirthofForth,3,2,0.0,0.0,0.0,0.0,0.0,0.0,,,,,,,,,,,,,,
Nordsøen,FirthofForth,4,2,0.0,0.0,0.0,0.0,0.0,0.0,,,,,,,,,,,,,,
Nordsøen,FirthofForth,5,2,0.0,0.0,0.0,0.0,0.0,0.0,,,,,,,,,,,,,,
Nordsøen,FirthofForth,6,2,0.0,0.0,0.0,0.0,0.0,0.0,,,,,,,,,,,,,,
Nordsøen,FirthofForth,7,2,0.0,0.0,0.0,0.0,0.0,0.0,,,,,,,,,,,,,,
Nordsøen,FirthofForth,8,2,0.0,0.0,0.0,0.0,0.0,0.0,,,,,,,,,,,,,,
Nordsøen,HelgoländerBucht,1,2,0.0,0.0,0.0,0.0,0.0,0.0,,,,,,,,,,,,,,
Nordsøen,HelgoländerBucht,2,2,0.0,0.0,0.0,0.0,0.0,0.0,,,,,,,,,,,,,,
Nordsøen,HelgoländerBucht,3,2,0.0,0.0,0.0,0.0,0.0,0.0,,,,,,,,,,,,,,
Nordsøen,HelgoländerBucht,4,2,0.0,0.0,0.0,0.0,0.0,0.0,,,,,,,,,,,,,,
Nordsøen,HelgoländerBucht,5,2,0.0,0.0,0.0,0.0,0.0,0.0,,,,,,,,,,,,,,
Nordsøen,HelgoländerBucht,6,2,0.0,0.0,0.0,0.0,0.0,0.0,,,,,,,,,,,,,,
Nordsøen,HelgoländerBucht,7,2,0.0,0.0,0.0,0.0,0.0,0.0,,,,,,,,,,,,,,
Nordsøen,HelgoländerBucht,8,2,0.0,0.0,0.0,0.0,0.0,0.0,,,,,,,,,,,,,,
Nordsøen,HollandseeKust,1,2,0.0,0.0,0.0,0.0,0.0,0.0,,,,,,,,,,,,,,
Nordsøen,HollandseeKust,2,2,0.0,0.0,0.0,0.0,0.0,0.0,,,,,,,,,,,,,,
Nordsøen,HollandseeKust,3,2,0.0,0.0,0.0,0.0,0.0,0.0,,,,,,,,,,,,,,
Nordsøen,HollandseeKust,4,2,0.0,0.0,0.0,0.0,0.0,0.0,,,,,,,,,,,,,,
Nordsøen,HollandseeKust,5,2,0.0,0.0,0.0,0.0,0.0,0.0,,,,,,,,,,,,,,
Nordsøen,HollandseeKust,6,2,0.0,0.0,0.0,0.0,0.0,0.0,,,,,,,,,,,,,,
Nordsøen,HollandseeKust,7,2,0.0,0.0,0.0,0.0,0.0,0.0,,,,,,,,,,,,,,
Nordsøen,HollandseeKust,8,2,0.0,0.0,0.0,0.0,0.0,0.0,,,,,,,,,,,,,,
Nordsøen,Hornsea,1,2,0.0,0.0,0.0,0.0,0.0,0.0,,,,,,,,,,,,,,
Nordsøen,Hornsea,2,2,0.0,0.0,0.0,0.0,0.0,0.0,,,,,,,,,,,,,,
Nordsøen,Hornsea,3,2,0.0,0.0,0.0,0.0,0.0,0.0,,,,,,,,,,,,,,
Nordsøen,Hornsea,4,2,0.0,0.0,0.0,0.0,0.0,0.0,,,,,,,,,,,,,,
Nordsøen,Hornsea,5,2,0.0,0.0,0.0,0.0,0.0,0.0,,,,,,,,,,,,,,
Nordsøen,Hornsea,6,2,0.0,0.0,0.0,0.0,0.0,0.0,,,,,,,,,,,,,,
Nordsøen,Hornsea,7,2,0.0,0.0,0.0,0.0,0.0,0.0,,,,,,,,,,,,,,
Nordsøen,Hornsea,8,2,0.0,0.0,0.0,0.0,0.0,0.0,,,,,,,,,,,,,,
Nordsøen,MorayFirth,1,2,0.0,0.0,0.0,0.0,0.0,0.0,,,,,,,,,,,,,,
Nordsøen,MorayFirth,2,2,0.0,0.0,0.0,0.0,0.0,0.0,,,,,,,,,,,,,,
Nordsøen,MorayFirth,3,2,0.0,0.0,0.0,0.0,0.0,0.0,,,,,,,,,,,,,,
Nordsøen,MorayFirth,4,2,0.0,0.0,0.0,0.0,0.0,0.0,,,,,,,,,,,,,,
Nordsøen,MorayFirth,5,2,0.0,0.0,0.0,0.0,0.0,0.0,,,,,,,,,,,,,,
Nordsøen,MorayFirth,6,2,0.0,0.0,0.0,0.0,0.0,0.0,,,,,,,,,,,,,,
Nordsøen,MorayFirth,7,2,0.0,0.0,0.0,0.0,0.0,0.0,,,,,,,,,,,,,,
Nordsøen,MorayFirth,8,2,0.0,0.0,0.0,0.0,0.0,0.0,,,,,,,,,,,,,,
Nordsøen,Norfolk,1,2,0.0,0.0,0.0,0.0,0.0,0.0,,,,,,,,,,,,,,
Nordsøen,Norfolk,2,2,0.0,0.0,0.0,0.0,0.0,0.0,,,,,,,,,,,,,,
Nordsøen,Norfolk,3,2,0.0,0.0,0.0,0.0,0.0,0.0,,,,,,,,,,,,,,
Nordsøen,Norfolk,4,2,0.0,0.0,0.0,0.0,0.0,0.0,,,,,,,,,,,,,,
Nordsøen,Norfolk,5,2,0.0,0.0,0.0,0.0,0.0,0.0,,,,,,,,,,,,,,
Nordsøen,Norfolk,6,2,0.0,0.0,0.0,0.0,0.0,0.0,,,,,,,,,,,,,,
Nordsøen,Norfolk,7,2,0.0,0.0,0.0,0.0,0.0,0.0,,,,,,,,,,,,,,
Nordsøen,Norfolk,8,2,0.0,0.0,0.0,0.0,0.0,0.0,,,,,,,,,,,,,,
Nordsøen,OuterDowsing,1,2,0.0,0.0,0.0,0.0,0.0,0.0,,,,,,,,,,,,,,
Nordsøen,OuterDowsing,2,2,0.0,0.0,0.0,0.0,0.0,0.0,,,,,,,,,,,,,,
Nordsøen,OuterDowsing,3,2,0.0,0.0,0.0,0.0,0.0,0.0,,,,,,,,,,,,,,
Nordsøen,OuterDowsing,4,2,0.0,0.0,0.0,0.0,0.0,0.0,,,,,,,,,,,,,,
Nordsøen,OuterDowsing,5,2,0.0,0.0,0.0,0.0,0.0,0.0,,,,,,,,,,,,,,
Nordsøen,OuterDowsing,6,2,0.0,0.0,0.0,0.0,0.0,0.0,,,,,,,,,,,,,,
Nordsøen,OuterDowsing,7,2,0.0,0.0,0.0,0.0,0.0,0.0,,,,,,,,,,,,,,
Nordsøen,OuterDowsing,8,2,0.0,0.0,0.0,0.0,0.0,0.0,,,,,,,,,,,,,,
Norfolk,DoggerBank,1,2,0.0,0.0,0.0,0.0,0.0,0.0,,,,,,,,,,,,,,
Norfolk,DoggerBank,2,2,0.0,0.0,0.0,0.0,0.0,0.0,,,,,,,,,,,,,,
Norfolk,DoggerBank,3,2,0.0,0.0,0.0,0.0,0.0,0.0,,,,,,,,,,,,,,
Norfolk,DoggerBank,4,2,0.0,0.0,0.0,0.0,0.0,0.0,,,,,,,,,,,,,,
Norfolk,DoggerBank,5,2,0.0,0.0,0.0,0.0,0.0,0.0,,,,,,,,,,,,,,
Norfolk,DoggerBank,6,2,0.0,0.0,0.0,0.0,0.0,0.0,,,,,,,,,,,,,,
Norfolk,DoggerBank,7,2,0.0,0.0,0.0,0.0,0.0,0.0,,,,,,,,,,,,,,
Norfolk,DoggerBank,8,2,0.0,0.0,0.0,0.0,0.0,0.0,,,,,,,,,,,,,,
Norfolk,FirthofForth,1,2,0.0,0.0,0.0,0.0,0.0,0.0,,,,,,,,,,,,,,
Norfolk,FirthofForth,2,2,0.0,0.0,0.0,0.0,0.0,0.0,,,,,,,,,,,,,,
Norfolk,FirthofForth,3,2,0.0,0.0,0.0,0.0,0.0,0.0,,,,,,,,,,,,,,
Norfolk,FirthofForth,4,2,0.0,0.0,0.0,0.0,0.0,0.0,,,,,,,,,,,,,,
Norfolk,FirthofForth,5,2,0.0,0.0,0.0,0.0,0.0,0.0,,,,,,,,,,,,,,
Norfolk,FirthofForth,6,2,0.0,0.0,0.0,0.0,0.0,0.0,,,,,,,,,,,,,,
Norfolk,FirthofForth,7,2,0.0,0.0,0.0,0.0,0.0,0.0,,,,,,,,,,,,,,
Norfolk,FirthofForth,8,2,0.0,0.0,0.0,0.0,0.0,0.0,,,,,,,,,,,,,,
Norfolk,GreatBrit.,1,1,60.0,0.0,50000.0,50000.0,0.0,0.0,,,,,,,,,,,,,,
Norfolk,GreatBrit.,2,1,60.0,0.0,50000.0,50000.0,0.0,0.0,,,,,,,,,,,,,,
Norfolk,GreatBrit.,3,1,60.0,0.0,50000.0,50000.0,0.0,0.0,,,,,,,,,,,,,,
Norfolk,GreatBrit.,4,1,60.0,0.0,50000.0,50000.0,0.0,0.0,,,,,,,,,,,,,,
Norfolk,GreatBrit.,5,1,60.0,0.0,50000.0,50000.0,0.0,0.0,,,,,,,,,,,,,,
Norfolk,GreatBrit.,6,1,60.0,0.0,50000.0,50000.0,0.0,0.0,,,,,,,,,,,,,,
Norfolk,GreatBrit.,7,1,60.0,0.0,50000.0,50000.0,0.0,0.0,,,,,,,,,,,,,,
Norfolk,GreatBrit.,8,1,60.0,0.0,50000.0,50000.0,0.0,0.0,,,,,,,,,,,,,,
Norfolk,Hornsea,1,2,0.0,0.0,0.0,0.0,0.0,0.0,,,,,,,,,,,,,,
Norfolk,Hornsea,2,2,0.0,0.0,0.0,0.0,0.0,0.0,,,,,,,,,,,,,,
Norfolk,Hornsea,3,2,0.0,0.0,0.0,0.0,0.0,0.0,,,,,,,,,,,,,,
Norfolk,Hornsea,4,2,0.0,0.0,0.0,0.0,0.0,0.0,,,,,,,,,,,,,,
Norfolk,Hornsea,5,2,0.0,0.0,0.0,0.0,0.0,0.0,,,,,,,,,,,,,,
Norfolk,Hornsea,6,2,0.0,0.0,0.0,0.0,0.0,0.0,,,,,,,,,,,,,,
Norfolk,Hornsea,7,2,0.0,0.0,0.0,0.0,0.0,0.0,,,,,,,,,,,,,,
Norfolk,Hornsea,8,2,0.0,0.0,0.0,0.0,0.0,0.0,,,,,,,,,,,,,,
Norfolk,MorayFirth,1,2,0.0,0.0,0.0,0.0,0.0,0.0,,,,,,,,,,,,,,
Norfolk,MorayFirth,2,2,0.0,0.0,0.0,0.0,0.0,0.0,,,,,,,,,,,,,,
Norfolk,MorayFirth,3,2,0.0,0.0,0.0,0.0,0.0,0.0,,,,,,,,,,,,,,
Norfolk,MorayFirth,4,2,0.0,0.0,0.0,0.0,0.0,0.0,,,,,,,,,,,,,,
Norfolk,MorayFirth,5,2,0.0,0.0,0.0,0.0,0.0,0.0,,,,,,,,,,,,,,
Norfolk,MorayFirth,6,2,0.0,0.0,0.0,0.0,0.0,0.0,,,,,,,,,,,,,,
Norfolk,MorayFirth,7,2,0.0,0.0,0.0,0.0,0.0,0.0,,,,,,,,,,,,,,
Norfolk,MorayFirth,8,2,0.0,0.0,0.0,0.0,0.0,0.0,,,,,,,,,,,,,,
Norfolk,OuterDowsing,1,2,0.0,0.0,0.0,0.0,0.0,0.0,,,,,,,,,,,,,,
Norfolk,OuterDowsing,2,2,0.0,0.0,0.0,0.0,0.0,0.0,,,,,,,,,,,,,,
Norfolk,OuterDowsing,3,2,0.0,0.0,0.0,0.0,0.0,0.0,,,,,,,,,,,,,,
Norfolk,OuterDowsing,4,2,0.0,0.0,0.0,0.0,0.0,0.0,,,,,,,,,,,,,,
Norfolk,OuterDowsing,5,2,0.0,0.0,0.0,0.0,0.0,0.0,,,,,,,,,,,,,,
Norfolk,OuterDowsing,6,2,0.0,0.0,0.0,0.0,0.0,0.0,,,,,,,,,,,,,,
Norfolk,OuterDowsing,7,2,0.0,0.0,0.0,0.0,0.0,0.0,,,,,,,,,,,,,,
Norfolk,OuterDowsing,8,2,0.0,0.0,0.0,0.0,0.0,0.0,,,,,,,,,,,,,,
OuterDowsing,DoggerBank,1,2,0.0,0.0,0.0,0.0,0.0,0.0,,,,,,,,,,,,,,
OuterDowsing,DoggerBank,2,2,0.0,0.0,0.0,0.0,0.0,0.0,,,,,,,,,,,,,,
OuterDowsing,DoggerBank,3,2,0.0,0.0,0.0,0.0,0.0,0.0,,,,,,,,,,,,,,
OuterDowsing,DoggerBank,4,2,0.0,0.0,0.0,0.0,0.0,0.0,,,,,,,,,,,,,,
OuterDowsing,DoggerBank,5,2,0.0,0.0,0.0,0.0,0.0,0.0,,,,,,,,,,,,,,
OuterDowsing,DoggerBank,6,2,0.0,0.0,0.0,0.0,0.0,0.0,,,,,,,,,,,,,,
OuterDowsing,DoggerBank,7,2,0.0,0.0,0.0,0.0,0.0,0.0,,,,,,,,,,,,,,
OuterDowsing,DoggerBank,8,2,0.0,0.0,0.0,0.0,0.0,0.0,,,,,,,,,,,,,,
OuterDowsing,FirthofForth,1,2,0.0,0.0,0.0,0.0,0.0,0.0,,,,,,,,,,,,,,
OuterDowsing,FirthofForth,2,2,0.0,0.0,0.0,0.0,0.0,0.0,,,,,,,,,,,,,,
OuterDowsing,FirthofForth,3,2,0.0,0.0,0.0,0.0,0.0,0.0,,,,,,,,,,,,,,
OuterDowsing,FirthofForth,4,2,0.0,0.0,0.0,0.0,0.0,0.0,,,,,,,,,,,,,,
OuterDowsing,FirthofForth,5,2,0.0,0.0,0.0,0.0,0.0,0.0,,,,,,,,,,,,,,
OuterDowsing,FirthofForth,6,2,0.0,0.0,0.0,0.0,0.0,0.0,,,,,,,,,,,,,,
OuterDowsing,FirthofForth,7,2,0.0,0.0,0.0,0.0,0.0,0.0,,,,,,,,,,,,,,
OuterDowsing,FirthofForth,8,2,0.0,0.0,0.0,0.0,0.0,0.0,,,,,,,,,,,,,,
OuterDowsing,GreatBrit.,1,1,2185.5,0.0,50000.0,50000.0,0.0,0.0,,,,,,,,,,,,,,
OuterDowsing,GreatBrit.,2,1,2185.5,0.0,50000.0,50000.0,0.0,0.0,,,,,,,,,,,,,,
OuterDowsing,GreatBrit.,3,1,2185.5,0.0,50000.0,50000.0,0.0,0.0,,,,,,,,,,,,,,
OuterDowsing,GreatBrit.,4,1,2185.5,0.0,50000.0,50000.0,0.0,0.0,,,,,,,,,,,,,,
OuterDowsing,GreatBrit.,5,1,2185.5,0.0,50000.0,50000.0,0.0,0.0,,,,,,,,,,,,,,
OuterDowsing,GreatBrit.,6,1,2185.5,0.0,50000.0,50000.0,0.0,0.0,,,,,,,,,,,,,,
OuterDowsing,GreatBrit.,7,1,2185.5,0.0,50000.0,50000.0,0.0,0.0,,,,,,,,,,,,,,
OuterDowsing,GreatBrit.,8,1,2185.5,0.0,50000.0,50000.0,0.0,0.0,,,,,,,,,,,,,,
OuterDowsing,Hornsea,1,2,0.0,0.0,0.0,0.0,0.0,0.0,,,,,,,,,,,,,,
OuterDowsing,Hornsea,2,2,0.0,0.0,0.0,0.0,0.0,0.0,,,,,,,,,,,,,,
OuterDowsing,Hornsea,3,2,0.0,0.0,0.0,0.0,0.0,0.0,,,,,,,,,,,,,,
OuterDowsing,Hornsea,4,2,0.0,0.0,0.0,0.0,0.0,0.0,,,,,,,,,,,,,,
OuterDowsing,Hornsea,5,2,0.0,0.0,0.0,0.0,0.0,0.0,,,,,,,,,,,,,,
OuterDowsing,Hornsea,6,2,0.0,0.0,0.0,0.0,0.0,0.0,,,,,,,,,,,,,,
OuterDowsing,Hornsea,7,2,0.0,0.0,0.0,0.0,0.0,0.0,,,,,,,,,,,,,,
OuterDowsing,Hornsea,8,2,0.0,0.0,0.0,0.0,0.0,0.0,,,,,,,,,,,,,,
OuterDowsing,MorayFirth,1,2,0.0,0.0,0.0,0.0,0.0,0.0,,,,,,,,,,,,,,
OuterDowsing,MorayFirth,2,2,0.0,0.0,0.0,0.0,0.0,0.0,,,,,,,,,,,,,,
OuterDowsing,MorayFirth,3,2,0.0,0.0,0.0,0.0,0.0,0.0,,,,,,,,,,,,,,
OuterDowsing,MorayFirth,4,2,0.0,0.0,0.0,0.0,0.0,0.0,,,,,,,,,,,,,,
OuterDowsing,MorayFirth,5,2,0.0,0.0,0.0,0.0,0.0,0.0,,,,,,,,,,,,,,
OuterDowsing,MorayFirth,6,2,0.0,0.0,0.0,0.0,0.0,0.0,,,,,,,,,,,,,,
OuterDowsing,MorayFirth,7,2,0.0,0.0,0.0,0.0,0.0,0.0,,,,,,,,,,,,,,
OuterDowsing,MorayFirth,8,2,0.0,0.0,0.0,0.0,0.0,0.0,,,,,,,,,,,,,,
Poland,CzechR,1,0,2200.0,0.0,2200.0,2200.0,0.0,0.0,,,,,,,,,,,,,,
Poland,CzechR,2,0,2200.0,0.0,3543.122000000001,3543.122000000001,2760.0,5000.0,,,,,,,,,,,,,,
Poland,CzechR,3,0,2200.0,0.0,5706.233412220004,5706.233412220004,3661.8856000000005,8500.0,,,,,,,,,,,,,,
Poland,CzechR,4,0,2200.0,0.0,9189.94597271444,9189.94597271444,5114.381377656002,12700.0,,,,,,,,,,,,,,
Poland,CzechR,5,0,2200.0,0.0,14800.499888516339,14800.499888516339,7453.640352528769,15400.0,,,,,,,,,,,,,,
Poland,CzechR,6,0,2200.0,0.0,23836.353075454455,15400.0,11221.04032415111,15400.0,,,,,,,,,,,,,,
Poland,CzechR,7,0,2200.0,0.0,38388.684991550166,15400.0,15400.0,15400.0,,,,,,,,,,,,,,
Poland,CzechR,8,0,2200.0,0.0,61825.36106574148,15400.0,15400.0,15400.0,,,,,,,,,,,,,,
Poland,Denmark,1,0,0.0,0.0,0.0,0.0,0.0,0.0,,,,,,,,,,,,,,
Poland,Denmark,2,0,0.0,0.0,0.0,560.0,560.0,2800.0,,,,,,,,,,,,,,
Poland,Denmark,3,0,0.0,0.0,0.0,1461.8856000000003,1461.8856000000003,6300.0,,,,,,,,,,,,,,
Poland,Denmark,4,0,0.0,0.0,0.0,2914.381377656001,2914.381377656001,9800.0,,,,,,,,,,,,,,
Poland,Denmark,5,0,0.0,0.0,0.0,5253.640352528768,5253.640352528768,9800.0,,,,,,,,,,,,,,
Poland,Denmark,6,0,0.0,0.0,0.0,9021.040324151109,9021.040324151109,9800.0,,,,,,,,,,,,,,
Poland,Denmark,7,0,0.0,0.0,0.0,9800.0,9800.0,9800.0,,,,,,,,,,,,,,
Poland,Denmark,8,0,0.0,0.0,0.0,9800.0,9800.0,9800.0,,,,,,,,,,,,,,
Poland,Germany,1,0,3000.0,0.0,3000.0,3000.0,0.0,0.0,,,,,,,,,,,,,,
Poland,Germany,2,0,3000.0,2300.0000000000005,5300.0,5300.0,3560.0,5800.0,,,,,,,,,,,,,,
Poland,Germany,3,0,3000.0,2300.0000000000005,8535.703000000003,8535.703000000003,4461.8856000000005,9300.0,,,,,,,,,,,,,,
Poland,Germany,4,0,3000.0,2300.0000000000005,13746.83503853001,13500.0,5914.381377656002,13500.0,,,,,,,,,,,,,,
Poland,Germany,5,0,3000.0,2300.0000000000005,22139.41529790297,18400.0,8253.640352528768,18400.0,,,,,,,,,,,,,,
Poland,Germany,6,0,3000.0,2300.0000000000005,35655.74973142573,21000.0,12021.040324151109,21000.0,,,,,,,,,,,,,,
Poland,Germany,7,0,3000.0,2300.0000000000005,57423.94149995847,21000.0,17621.04032415111,21000.0,,,,,,,,,,,,,,
Poland,Germany,8,0,3000.0,2300.0000000000005,92481.83202509815,21000.0,21000.0,21000.0,,,,,,,,,,,,,,
Poland,Hungary,1,0,0.0,0.0,0.0,0.0,0.0,0.0,,,,,,,,,,,,,,
Poland,Hungary,2,0,0.0,0.0,0.0,560.0,560.0,2800.0,,,,,,,,,,,,,,
Poland,Hungary,3,0,0.0,0.0,0.0,1461.8856000000003,1461.8856000000003,6300.0,,,,,,,,,,,,,,
Poland,Hungary,4,0,0.0,0.0,0.0,2914.381377656001,2914.381377656001,9800.0,,,,,,,,,,,,,,
Poland,Hungary,5,0,0.0,0.0,0.0,5253.640352528768,5253.640352528768,9800.0,,,,,,,,,,,,,,
Poland,Hungary,6,0,0.0,0.0,0.0,9021.040324151109,9021.040324151109,9800.0,,,,,,,,,,,,,,
Poland,Hungary,7,0,0.0,0.0,0.0,9800.0,9800.0,9800.0,,,,,,,,,,,,,,
Poland,Hungary,8,0,0.0,0.0,0.0,9800.0,9800.0,9800.0,,,,,,,,,,,,,,
Poland,Lithuania,1,0,700.0,0.0,700.0,700.0,0.0,0.0,,,,,,,,,,,,,,
Poland,Lithuania,2,0,700.0,2000.0,2700.0,2700.0,1260.0,3500.0,,,,,,,,,,,,,,
Poland,Lithuania,3,0,700.0,2000.0,4348.377000000001,4348.377000000001,2161.8856000000005,4900.0,,,,,,,,,,,,,,
Poland,Lithuania,4,0,700.0,2000.0,7003.104642270005,4900.0,3614.3813776560014,4900.0,,,,,,,,,,,,,,
Poland,Lithuania,5,0,700.0,2000.0,11278.570057422268,4900.0,4900.0,4900.0,,,,,,,,,,,,,,
Poland,Lithuania,6,0,700.0,2000.0,18164.249863179142,4900.0,4900.0,4900.0,,,,,,,,,,,,,,
Poland,Lithuania,7,0,700.0,2000.0,29253.70604714865,4900.0,4900.0,4900.0,,,,,,,,,,,,,,
Poland,Lithuania,8,0,700.0,2000.0,47113.38612599339,4900.0,4900.0,4900.0,,,,,,,,,,,,,,
Portugal,Spain,1,0,3500.0,0.0,3500.0,3500.0,0.0,0.0,,,,,,,,,,,,,,
Portugal,Spain,2,0,3500.0,0.0,5636.785000000002,5636.785000000002,4060.0,6300.0,,,,,,,,,,,,,,
Portugal,Spain,3,0,3500.0,0.0,9078.098610350005,9078.098610350005,4961.8856000000005,9800.0,,,,,,,,,,,,,,
Portugal,Spain,4,0,3500.0,0.0,14620.368592954792,14000.0,6414.381377656002,14000.0,,,,,,,,,,,,,,
Portugal,Spain,5,0,3500.0,0.0,23546.24982263963,18900.0,8753.640352528768,18900.0,,,,,,,,,,,,,,
Portugal,Spain,6,0,3500.0,0.0,37921.47080185937,24500.0,12521.040324151109,24500.0,,,,,,,,,,,,,,
Portugal,Spain,7,0,3500.0,0.0,61072.90794110255,24500.0,18121.04032415111,24500.0,,,,,,,,,,,,,,
Portugal,Spain,8,0,3500.0,0.0,98358.5289682251,24500.0,24421.04032415111,24500.0,,,,,,,,,,,,,,
Romania,Bulgaria,1,0,750.0,0.0,750.0,750.0,0.0,0.0,,,,,,,,,,,,,,
Romania,Bulgaria,2,0,750.0,0.0,1207.8825000000004,1310.0,1310.0,3550.0,,,,,,,,,,,,,,
Romania,Bulgaria,3,0,750.0,0.0,1945.3068450750013,2211.8856000000005,2211.8856000000005,5250.0,,,,,,,,,,,,,,
Romania,Bulgaria,4,0,750.0,0.0,3132.9361270617414,3664.3813776560014,3664.3813776560014,5250.0,,,,,,,,,,,,,,
Romania,Bulgaria,5,0,750.0,0.0,5045.624961994207,5250.0,5250.0,5250.0,,,,,,,,,,,,,,
Romania,Bulgaria,6,0,750.0,0.0,8126.029457541294,5250.0,5250.0,5250.0,,,,,,,,,,,,,,
Romania,Bulgaria,7,0,750.0,0.0,13087.051701664834,5250.0,5250.0,5250.0,,,,,,,,,,,,,,
Romania,Bulgaria,8,0,750.0,0.0,21076.827636048238,5250.0,5250.0,5250.0,,,,,,,,,,,,,,
Romania,Hungary,1,0,1200.0,0.0,1200.0,1200.0,0.0,0.0,,,,,,,,,,,,,,
Romania,Hungary,2,0,1200.0,0.0,1932.6120000000008,1932.6120000000008,1760.0,4000.0,,,,,,,,,,,,,,
Romania,Hungary,3,0,1200.0,0.0,3112.4909521200025,3112.4909521200025,2661.8856000000005,7500.0,,,,,,,,,,,,,,
Romania,Hungary,4,0,1200.0,0.0,5012.697803298787,5012.697803298787,4114.381377656002,8400.0,,,,,,,,,,,,,,
Romania,Hungary,5,0,1200.0,0.0,8072.999939190732,8072.999939190732,6453.640352528769,8400.0,,,,,,,,,,,,,,
Romania,Hungary,6,0,1200.0,0.0,13001.647132066071,8400.0,8400.0,8400.0,,,,,,,,,,,,,,
Romania,Hungary,7,0,1200.0,0.0,20939.282722663735,8400.0,8400.0,8400.0,,,,,,,,,,,,,,
Romania,Hungary,8,0,1200.0,0.0,33722.92421767718,8400.0,8400.0,8400.0,,,,,,,,,,,,,,
Serbia,BosniaH,1,0,390.0,0.0,390.0,390.0,0.0,0.0,,,,,,,,,,,,,,
Serbia,BosniaH,2,0,390.0,0.0,628.0989000000002,950.0,950.0,2730.0,,,,,,,,,,,,,,
Serbia,BosniaH,3,0,390.0,0.0,1011.5595594390006,1851.8856000000003,1851.8856000000003,2730.0,,,,,,,,,,,,,,
Serbia,BosniaH,4,0,390.0,0.0,1629.1267860721055,2730.0,2730.0,2730.0,,,,,,,,,,,,,,
Serbia,BosniaH,5,0,390.0,0.0,2623.7249802369874,2730.0,2730.0,2730.0,,,,,,,,,,,,,,
Serbia,BosniaH,6,0,390.0,0.0,4225.535317921472,2730.0,2730.0,2730.0,,,,,,,,,,,,,,
Serbia,BosniaH,7,0,390.0,0.0,6805.266884865711,2730.0,2730.0,2730.0,,,,,,,,,,,,,,
Serbia,BosniaH,8,0,390.0,0.0,10959.95037074508,2730.0,2730.0,2730.0,,,,,,,,,,,,,,
Serbia,Bulgaria,1,0,1000.0,0.0,1000.0,1000.0,0.0,0.0,,,,,,,,,,,,,,
Serbia,Bulgaria,2,0,1000.0,0.0,1610.5100000000004,1610.5100000000004,1560.0,3800.0,,,,,,,,,,,,,,
Serbia,Bulgaria,3,0,1000.0,0.0,2593.7424601000016,2593.7424601000016,2461.8856000000005,7000.0,,,,,,,,,,,,,,
Serbia,Bulgaria,4,0,1000.0,0.0,4177.248169415655,4177.248169415655,3914.3813776560014,7000.0,,,,,,,,,,,,,,
Serbia,Bulgaria,5,0,1000.0,0.0,6727.499949325609,6727.499949325609,6253.640352528768,7000.0,,,,,,,,,,,,,,
Serbia,Bulgaria,6,0,1000.0,0.0,10834.70594338839,7000.0,7000.0,7000.0,,,,,,,,,,,,,,
Serbia,Bulgaria,7,0,1000.0,0.0,17449.402268886442,7000.0,7000.0,7000.0,,,,,,,,,,,,,,
Serbia,Bulgaria,8,0,1000.0,0.0,28102.436848064313,7000.0,7000.0,7000.0,,,,,,,,,,,,,,
Serbia,Croatia,1,0,650.0,0.0,650.0,650.0,0.0,0.0,,,,,,,,,,,,,,
Serbia,Croatia,2,0,650.0,0.0,1046.8315000000005,1210.0,1210.0,3450.0,,,,,,,,,,,,,,
Serbia,Croatia,3,0,650.0,0.0,1685.9325990650013,2111.8856000000005,2111.8856000000005,4550.0,,,,,,,,,,,,,,
Serbia,Croatia,4,0,650.0,0.0,2715.211310120176,3564.3813776560014,3564.3813776560014,4550.0,,,,,,,,,,,,,,
Serbia,Croatia,5,0,650.0,0.0,4372.874967061646,4550.0,4550.0,4550.0,,,,,,,,,,,,,,
Serbia,Croatia,6,0,650.0,0.0,7042.558863202455,4550.0,4550.0,4550.0,,,,,,,,,,,,,,
Serbia,Croatia,7,0,650.0,0.0,11342.11147477619,4550.0,4550.0,4550.0,,,,,,,,,,,,,,
Serbia,Croatia,8,0,650.0,0.0,18266.583951241806,4550.0,4550.0,4550.0,,,,,,,,,,,,,,
Serbia,Hungary,1,0,600.0,0.0,600.0,600.0,0.0,0.0,,,,,,,,,,,,,,
Serbia,Hungary,2,0,600.0,0.0,966.3060000000004,1160.0,1160.0,3400.0,,,,,,,,,,,,,,
Serbia,Hungary,3,0,600.0,0.0,1556.2454760600012,2061.8856000000005,2061.8856000000005,4200.0,,,,,,,,,,,,,,
Serbia,Hungary,4,0,600.0,0.0,2506.3489016493936,3514.3813776560014,3514.3813776560014,4200.0,,,,,,,,,,,,,,
Serbia,Hungary,5,0,600.0,0.0,4036.499969595366,4200.0,4200.0,4200.0,,,,,,,,,,,,,,
Serbia,Hungary,6,0,600.0,0.0,6500.823566033036,4200.0,4200.0,4200.0,,,,,,,,,,,,,,
Serbia,Hungary,7,0,600.0,0.0,10469.641361331867,4200.0,4200.0,4200.0,,,,,,,,,,,,,,
Serbia,Hungary,8,0,600.0,0.0,16861.46210883859,4200.0,4200.0,4200.0,,,,,,,,,,,,,,
Serbia,Macedonia,1,0,425.0,0.0,425.0,425.0,0.0,0.0,,,,,,,,,,,,,,
Serbia,Macedonia,2,0,425.0,0.0,684.4667500000003,985.0,985.0,2975.0,,,,,,,,,,,,,,
Serbia,Macedonia,3,0,425.0,0.0,1102.3405455425009,1886.8856000000003,1886.8856000000003,2975.0,,,,,,,,,,,,,,
Serbia,Macedonia,4,0,425.0,0.0,1775.3304720016538,2975.0,2975.0,2975.0,,,,,,,,,,,,,,
Serbia,Macedonia,5,0,425.0,0.0,2859.1874784633847,2975.0,2975.0,2975.0,,,,,,,,,,,,,,
Serbia,Macedonia,6,0,425.0,0.0,4604.750025940068,2975.0,2975.0,2975.0,,,,,,,,,,,,,,
Serbia,Macedonia,7,0,425.0,0.0,7415.995964276741,2975.0,2975.0,2975.0,,,,,,,,,,,,,,
Serbia,Macedonia,8,0,425.0,0.0,11943.535660427338,2975.0,2975.0,2975.0,,,,,,,,,,,,,,
Serbia,Romania,1,0,1807.2,0.0,1807.2,1807.2,0.0,0.0,,,,,,,,,,,,,,
Serbia,Romania,2,0,1807.2,0.0,2910.513672000001,2910.513672000001,2367.2,4607.2,,,,,,,,,,,,,,
Serbia,Romania,3,0,1807.2,0.0,4687.4113738927235,4687.4113738927235,3269.0856000000003,8107.2,,,,,,,,,,,,,,
Serbia,Romania,4,0,1807.2,0.0,7549.122891767973,7549.122891767973,4721.581377656001,12307.2,,,,,,,,,,,,,,
Serbia,Romania,5,0,1807.2,0.0,12157.937908421241,12157.937908421241,7060.840352528768,12650.4,,,,,,,,,,,,,,
Serbia,Romania,6,0,1807.2,0.0,19580.4805808915,12650.4,10828.24032415111,12650.4,,,,,,,,,,,,,,
Serbia,Romania,7,0,1807.2,0.0,31534.559780331583,12650.4,12650.4,12650.4,,,,,,,,,,,,,,
Serbia,Romania,8,0,1807.2,0.0,50786.723871821836,12650.4,12650.4,12650.4,,,,,,,,,,,,,,
Slovakia,Austria,1,0,0.0,0.0,0.0,0.0,0.0,0.0,,,,,,,,,,,,,,
Slovakia,Austria,2,0,0.0,0.0,0.0,560.0,560.0,2800.0,,,,,,,,,,,,,,
Slovakia,Austria,3,0,0.0,0.0,0.0,1461.8856000000003,1461.8856000000003,6300.0,,,,,,,,,,,,,,
Slovakia,Austria,4,0,0.0,0.0,0.0,2914.381377656001,2914.381377656001,9800.0,,,,,,,,,,,,,,
Slovakia,Austria,5,0,0.0,0.0,0.0,5253.640352528768,5253.640352528768,9800.0,,,,,,,,,,,,,,
Slovakia,Austria,6,0,0.0,0.0,0.0,9021.040324151109,9021.040324151109,9800.0,,,,,,,,,,,,,,
Slovakia,Austria,7,0,0.0,0.0,0.0,9800.0,9800.0,9800.0,,,,,,,,,,,,,,
Slovakia,Austria,8,0,0.0,0.0,0.0,9800.0,9800.0,9800.0,,,,,,,,,,,,,,
Slovakia,CzechR,1,0,2100.0,0.0,2100.0,2100.0,0.0,0.0,,,,,,,,,,,,,,
Slovakia,CzechR,2,0,2100.0,0.0,3382.0710000000013,3382.0710000000013,2660.0,4900.0,,,,,,,,,,,,,,
Slovakia,CzechR,3,0,2100.0,0.0,5446.859166210004,5446.859166210004,3561.8856000000005,8400.0,,,,,,,,,,,,,,
Slovakia,CzechR,4,0,2100.0,0.0,8772.221155772877,8772.221155772877,5014.381377656002,12600.0,,,,,,,,,,,,,,
Slovakia,CzechR,5,0,2100.0,0.0,14127.749893583781,14127.749893583781,7353.640352528769,14700.0,,,,,,,,,,,,,,
Slovakia,CzechR,6,0,2100.0,0.0,22752.882481115623,14700.0,11121.04032415111,14700.0,,,,,,,,,,,,,,
Slovakia,CzechR,7,0,2100.0,0.0,36643.74476466153,14700.0,14700.0,14700.0,,,,,,,,,,,,,,
Slovakia,CzechR,8,0,2100.0,0.0,59015.117380935066,14700.0,14700.0,14700.0,,,,,,,,,,,,,,
Slovakia,Hungary,1,0,3040.0,0.0,3040.0,3040.0,0.0,0.0,,,,,,,,,,,,,,
Slovakia,Hungary,2,0,3040.0,0.0,4895.9504000000015,4895.9504000000015,3600.0,5840.0,,,,,,,,,,,,,,
Slovakia,Hungary,3,0,3040.0,0.0,7884.977078704005,7884.977078704005,4501.8856000000005,9340.0,,,,,,,,,,,,,,
Slovakia,Hungary,4,0,3040.0,0.0,12698.834435023591,12698.834435023591,5954.381377656002,13540.0,,,,,,,,,,,,,,
Slovakia,Hungary,5,0,3040.0,0.0,20451.59984594985,18440.0,8293.640352528768,18440.0,,,,,,,,,,,,,,
Slovakia,Hungary,6,0,3040.0,0.0,32937.50606790071,21280.0,12061.040324151109,21280.0,,,,,,,,,,,,,,
Slovakia,Hungary,7,0,3040.0,0.0,53046.18289741479,21280.0,17661.04032415111,21280.0,,,,,,,,,,,,,,
Slovakia,Hungary,8,0,3040.0,0.0,85431.40801811552,21280.0,21280.0,21280.0,,,,,,,,,,,,,,
Slovakia,Poland,1,0,1300.0,0.0,1300.0,1300.0,0.0,0.0,,,,,,,,,,,,,,
Slovakia,Poland,2,0,1300.0,0.0,2093.663000000001,2093.663000000001,1860.0,4100.0,,,,,,,,,,,,,,
Slovakia,Poland,3,0,1300.0,0.0,3371.8651981300027,3371.8651981300027,2761.8856000000005,7600.0,,,,,,,,,,,,,,
Slovakia,Poland,4,0,1300.0,0.0,5430.422620240352,5430.422620240352,4214.381377656002,9100.0,,,,,,,,,,,,,,
Slovakia,Poland,5,0,1300.0,0.0,8745.749934123292,8745.749934123292,6553.640352528769,9100.0,,,,,,,,,,,,,,
Slovakia,Poland,6,0,1300.0,0.0,14085.11772640491,9100.0,9100.0,9100.0,,,,,,,,,,,,,,
Slovakia,Poland,7,0,1300.0,0.0,22684.22294955238,9100.0,9100.0,9100.0,,,,,,,,,,,,,,
Slovakia,Poland,8,0,1300.0,0.0,36533.16790248361,9100.0,9100.0,9100.0,,,,,,,,,,,,,,
Slovenia,Austria,1,0,1950.0,0.0,1950.0,1950.0,0.0,0.0,,,,,,,,,,,,,,
Slovenia,Austria,2,0,1950.0,0.0,3140.494500000001,3140.494500000001,2510.0,4750.0,,,,,,,,,,,,,,
Slovenia,Austria,3,0,1950.0,0.0,5057.797797195004,5057.797797195004,3411.8856000000005,8250.0,,,,,,,,,,,,,,
Slovenia,Austria,4,0,1950.0,0.0,8145.633930360529,8145.633930360529,4864.381377656002,12450.0,,,,,,,,,,,,,,
Slovenia,Austria,5,0,1950.0,0.0,13118.62490118494,13118.62490118494,7203.640352528769,13650.0,,,,,,,,,,,,,,
Slovenia,Austria,6,0,1950.0,0.0,21127.676589607363,13650.0,10971.04032415111,13650.0,,,,,,,,,,,,,,
Slovenia,Austria,7,0,1950.0,0.0,34026.33442432857,13650.0,13650.0,13650.0,,,,,,,,,,,,,,
Slovenia,Austria,8,0,1950.0,0.0,54799.75185372542,13650.0,13650.0,13650.0,,,,,,,,,,,,,,
Slovenia,Croatia,1,0,1620.0,0.0,1620.0,1620.0,0.0,0.0,,,,,,,,,,,,,,
Slovenia,Croatia,2,0,1620.0,0.0,2609.0262000000007,2609.0262000000007,2180.0,4420.0,,,,,,,,,,,,,,
Slovenia,Croatia,3,0,1620.0,0.0,4201.862785362003,4201.862785362003,3081.8856000000005,7920.0,,,,,,,,,,,,,,
Slovenia,Croatia,4,0,1620.0,0.0,6767.142034453362,6767.142034453362,4534.381377656002,11340.0,,,,,,,,,,,,,,
Slovenia,Croatia,5,0,1620.0,0.0,10898.549917907487,10898.549917907487,6873.640352528769,11340.0,,,,,,,,,,,,,,
Slovenia,Croatia,6,0,1620.0,0.0,17552.223628289194,11340.0,10641.04032415111,11340.0,,,,,,,,,,,,,,
Slovenia,Croatia,7,0,1620.0,0.0,28268.031675596038,11340.0,11340.0,11340.0,,,,,,,,,,,,,,
Slovenia,Croatia,8,0,1620.0,0.0,45525.94769386419,11340.0,11340.0,11340.0,,,,,,,,,,,,,,
Slovenia,Hungary,1,0,960.0,0.0,960.0,960.0,0.0,0.0,,,,,,,,,,,,,,
Slovenia,Hungary,2,0,960.0,0.0,1546.0896000000005,1546.0896000000005,1520.0,3760.0,,,,,,,,,,,,,,
Slovenia,Hungary,3,0,960.0,0.0,2489.9927616960017,2489.9927616960017,2421.8856000000005,6720.0,,,,,,,,,,,,,,
Slovenia,Hungary,4,0,960.0,0.0,4010.158242639029,4010.158242639029,3874.3813776560014,6720.0,,,,,,,,,,,,,,
Slovenia,Hungary,5,0,960.0,0.0,6458.399951352585,6458.399951352585,6213.640352528768,6720.0,,,,,,,,,,,,,,
Slovenia,Hungary,6,0,960.0,0.0,10401.317705652855,6720.0,6720.0,6720.0,,,,,,,,,,,,,,
Slovenia,Hungary,7,0,960.0,0.0,16751.426178130983,6720.0,6720.0,6720.0,,,,,,,,,,,,,,
Slovenia,Hungary,8,0,960.0,0.0,26978.33937414174,6720.0,6720.0,6720.0,,,,,,,,,,,,,,
Slovenia,Italy,1,0,1690.0,0.0,1690.0,1690.0,0.0,0.0,,,,,,,,,,,,,,
Slovenia,Italy,2,0,1690.0,0.0,2721.761900000001,2721.761900000001,2250.0,4490.0,,,,,,,,,,,,,,
Slovenia,Italy,3,0,1690.0,0.0,4383.424757569003,4383.424757569003,3151.8856000000005,7990.0,,,,,,,,,,,,,,
Slovenia,Italy,4,0,1690.0,0.0,7059.549406312458,7059.549406312458,4604.381377656002,11830.0,,,,,,,,,,,,,,
Slovenia,Italy,5,0,1690.0,0.0,11369.47491436028,11369.47491436028,6943.640352528769,11830.0,,,,,,,,,,,,,,
Slovenia,Italy,6,0,1690.0,0.0,18310.65304432638,11830.0,10711.04032415111,11830.0,,,,,,,,,,,,,,
Slovenia,Italy,7,0,1690.0,0.0,29489.489834418087,11830.0,11830.0,11830.0,,,,,,,,,,,,,,
Slovenia,Italy,8,0,1690.0,0.0,47493.11827322869,11830.0,11830.0,11830.0,,,,,,,,,,,,,,
SørligeNordsjøI,Borssele,1,2,0.0,0.0,0.0,0.0,0.0,0.0,,,,,,,,,,,,,,
SørligeNordsjøI,Borssele,2,2,0.0,0.0,0.0,0.0,0.0,0.0,,,,,,,,,,,,,,
SørligeNordsjøI,Borssele,3,2,0.0,0.0,0.0,0.0,0.0,0.0,,,,,,,,,,,,,,
SørligeNordsjøI,Borssele,4,2,0.0,0.0,0.0,0.0,0.0,0.0,,,,,,,,,,,,,,
SørligeNordsjøI,Borssele,5,2,0.0,0.0,0.0,0.0,0.0,0.0,,,,,,,,,,,,,,
SørligeNordsjøI,Borssele,6,2,0.0,0.0,0.0,0.0,0.0,0.0,,,,,,,,,,,,,,
SørligeNordsjøI,Borssele,7,2,0.0,0.0,0.0,0.0,0.0,0.0,,,,,,,,,,,,,,
SørligeNordsjøI,Borssele,8,2,0.0,0.0,0.0,0.0,0.0,0.0,,,,,,,,,,,,,,
SørligeNordsjøI,DoggerBank,1,2,0.0,0.0,0.0,0.0,0.0,0.0,,,,,,,,,,,,,,
SørligeNordsjøI,DoggerBank,2,2,0.0,0.0,0.0,0.0,0.0,0.0,,,,,,,,,,,,,,
SørligeNordsjøI,DoggerBank,3,2,0.0,0.0,0.0,0.0,0.0,0.0,,,,,,,,,,,,,,
SørligeNordsjøI,DoggerBank,4,2,0.0,0.0,0.0,0.0,0.0,0.0,,,,,,,,,,,,,,
SørligeNordsjøI,DoggerBank,5,2,0.0,0.0,0.0,0.0,0.0,0.0,,,,,,,,,,,,,,
SørligeNordsjøI,DoggerBank,6,2,0.0,0.0,0.0,0.0,0.0,0.0,,,,,,,,,,,,,,
SørligeNordsjøI,DoggerBank,7,2,0.0,0.0,0.0,0.0,0.0,0.0,,,,,,,,,,,,,,
SørligeNordsjøI,DoggerBank,8,2,0.0,0.0,0.0,0.0,0.0,0.0,,,,,,,,,,,,,,
SørligeNordsjøI,EastAnglia,1,2,0.0,0.0,0.0,0.0,0.0,0.0,,,,,,,,,,,,,,
SørligeNordsjøI,EastAnglia,2,2,0.0,0.0,0.0,0.0,0.0,0.0,,,,,,,,,,,,,,
SørligeNordsjøI,EastAnglia,3,2,0.0,0.0,0.0,0.0,0.0,0.0,,,,,,,,,,,,,,
SørligeNordsjøI,EastAnglia,4,2,0.0,0.0,0.0,0.0,0.0,0.0,,,,,,,,,,,,,,
SørligeNordsjøI,EastAnglia,5,2,0.0,0.0,0.0,0.0,0.0,0.0,,,,,,,,,,,,,,
SørligeNordsjøI,EastAnglia,6,2,0.0,0.0,0.0,0.0,0.0,0.0,,,,,,,,,,,,,,
SørligeNordsjøI,EastAnglia,7,2,0.0,0.0,0.0,0.0,0.0,0.0,,,,,,,,,,,,,,
SørligeNordsjøI,EastAnglia,8,2,0.0,0.0,0.0,0.0,0.0,0.0,,,,,,,,,,,,,,
SørligeNordsjøI,FirthofForth,1,2,0.0,0.0,0.0,0.0,0.0,0.0,,,,,,,,,,,,,,
SørligeNordsjøI,FirthofForth,2,2,0.0,0.0,0.0,0.0,0.0,0.0,,,,,,,,,,,,,,
SørligeNordsjøI,FirthofForth,3,2,0.0,0.0,0.0,0.0,0.0,0.0,,,,,,,,,,,,,,
SørligeNordsjøI,FirthofForth,4,2,0.0,0.0,0.0,0.0,0.0,0.0,,,,,,,,,,,,,,
SørligeNordsjøI,FirthofForth,5,2,0.0,0.0,0.0,0.0,0.0,0.0,,,,,,,,,,,,,,
SørligeNordsjøI,FirthofForth,6,2,0.0,0.0,0.0,0.0,0.0,0.0,,,,,,,,,,,,,,
SørligeNordsjøI,FirthofForth,7,2,0.0,0.0,0.0,0.0,0.0,0.0,,,,,,,,,,,,,,
SørligeNordsjøI,FirthofForth,8,2,0.0,0.0,0.0,0.0,0.0,0.0,,,,,,,,,,,,,,
SørligeNordsjøI,HelgoländerBucht,1,2,0.0,0.0,0.0,0.0,0.0,0.0,,,,,,,,,,,,,,
SørligeNordsjøI,HelgoländerBucht,2,2,0.0,0.0,0.0,0.0,0.0,0.0,,,,,,,,,,,,,,
SørligeNordsjøI,HelgoländerBucht,3,2,0.0,0.0,0.0,0.0,0.0,0.0,,,,,,,,,,,,,,
SørligeNordsjøI,HelgoländerBucht,4,2,0.0,0.0,0.0,0.0,0.0,0.0,,,,,,,,,,,,,,
SørligeNordsjøI,HelgoländerBucht,5,2,0.0,0.0,0.0,0.0,0.0,0.0,,,,,,,,,,,,,,
SørligeNordsjøI,HelgoländerBucht,6,2,0.0,0.0,0.0,0.0,0.0,0.0,,,,,,,,,,,,,,
SørligeNordsjøI,HelgoländerBucht,7,2,0.0,0.0,0.0,0.0,0.0,0.0,,,,,,,,,,,,,,
SørligeNordsjøI,HelgoländerBucht,8,2,0.0,0.0,0.0,0.0,0.0,0.0,,,,,,,,,,,,,,
SørligeNordsjøI,HollandseeKust,1,2,0.0,0.0,0.0,0.0,0.0,0.0,,,,,,,,,,,,,,
SørligeNordsjøI,HollandseeKust,2,2,0.0,0.0,0.0,0.0,0.0,0.0,,,,,,,,,,,,,,
SørligeNordsjøI,HollandseeKust,3,2,0.0,0.0,0.0,0.0,0.0,0.0,,,,,,,,,,,,,,
SørligeNordsjøI,HollandseeKust,4,2,0.0,0.0,0.0,0.0,0.0,0.0,,,,,,,,,,,,,,
SørligeNordsjøI,HollandseeKust,5,2,0.0,0.0,0.0,0.0,0.0,0.0,,,,,,,,,,,,,,
SørligeNordsjøI,HollandseeKust,6,2,0.0,0.0,0.0,0.0,0.0,0.0,,,,,,,,,,,,,,
SørligeNordsjøI,HollandseeKust,7,2,0.0,0.0,0.0,0.0,0.0,0.0,,,,,,,,,,,,,,
SørligeNordsjøI,HollandseeKust,8,2,0.0,0.0,0.0,0.0,0.0,0.0,,,,,,,,,,,,,,
SørligeNordsjøI,Hornsea,1,2,0.0,0.0,0.0,0.0,0.0,0.0,,,,,,,,,,,,,,
SørligeNordsjøI,Hornsea,2,2,0.0,0.0,0.0,0.0,0.0,0.0,,,,,,,,,,,,,,
SørligeNordsjøI,Hornsea,3,2,0.0,0.0,0.0,0.0,0.0,0.0,,,,,,,,,,,,,,
SørligeNordsjøI,Hornsea,4,2,0.0,0.0,0.0,0.0,0.0,0.0,,,,,,,,,,,,,,
SørligeNordsjøI,Hornsea,5,2,0.0,0.0,0.0,0.0,0.0,0.0,,,,,,,,,,,,,,
SørligeNordsjøI,Hornsea,6,2,0.0,0.0,0.0,0.0,0.0,0.0,,,,,,,,,,,,,,
SørligeNordsjøI,Hornsea,7,2,0.0,0.0,0.0,0.0,0.0,0.0,,,,,,,,,,,,,,
SørligeNordsjøI,Hornsea,8,2,0.0,0.0,0.0,0.0,0.0,0.0,,,,,,,,,,,,,,
SørligeNordsjøI,MorayFirth,1,2,0.0,0.0,0.0,0.0,0.0,0.0,,,,,,,,,,,,,,
SørligeNordsjøI,MorayFirth,2,2,0.0,0.0,0.0,0.0,0.0,0.0,,,,,,,,,,,,,,
SørligeNordsjøI,MorayFirth,3,2,0.0,0.0,0.0,0.0,0.0,0.0,,,,,,,,,,,,,,
SørligeNordsjøI,MorayFirth,4,2,0.0,0.0,0.0,0.0,0.0,0.0,,,,,,,,,,,,,,
SørligeNordsjøI,MorayFirth,5,2,0.0,0.0,0.0,0.0,0.0,0.0,,,,,,,,,,,,,,
SørligeNordsjøI,MorayFirth,6,2,0.0,0.0,0.0,0.0,0.0,0.0,,,,,,,,,,,,,,
SørligeNordsjøI,MorayFirth,7,2,0.0,0.0,0.0,0.0,0.0,0.0,,,,,,,,,,,,,,
SørligeNordsjøI,MorayFirth,8,2,0.0,0.0,0.0,0.0,0.0,0.0,,,,,,,,,,,,,,
SørligeNordsjøI,NO2,1,1,0.0,0.0,50000.0,50000.0,0.0,0.0,,,,,,,,,,,,,,
SørligeNordsjøI,NO2,2,1,0.0,0.0,50000.0,50000.0,0.0,0.0,,,,,,,,,,,,,,
SørligeNordsjøI,NO2,3,1,0.0,0.0,50000.0,50000.0,0.0,0.0,,,,,,,,,,,,,,
SørligeNordsjøI,NO2,4,1,0.0,0.0,50000.0,50000.0,0.0,0.0,,,,,,,,,,,,,,
SørligeNordsjøI,NO2,5,1,0.0,0.0,50000.0,50000.0,0.0,0.0,,,,,,,,,,,,,,
SørligeNordsjøI,NO2,6,1,0.0,0.0,50000.0,50000.0,0.0,0.0,,,,,,,,,,,,,,
SørligeNordsjøI,NO2,7,1,0.0,0.0,50000.0,50000.0,0.0,0.0,,,,,,,,,,,,,,
SørligeNordsjøI,NO2,8,1,0.0,0.0,50000.0,50000.0,0.0,0.0,,,,,,,,,,,,,,
SørligeNordsjøI,Nordsøen,1,2,0.0,0.0,0.0,0.0,0.0,0.0,,,,,,,,,,,,,,
SørligeNordsjøI,Nordsøen,2,2,0.0,0.0,0.0,0.0,0.0,0.0,,,,,,,,,,,,,,
SørligeNordsjøI,Nordsøen,3,2,0.0,0.0,0.0,0.0,0.0,0.0,,,,,,,,,,,,,,
SørligeNordsjøI,Nordsøen,4,2,0.0,0.0,0.0,0.0,0.0,0.0,,,,,,,,,,,,,,
SørligeNordsjøI,Nordsøen,5,2,0.0,0.0,0.0,0.0,0.0,0.0,,,,,,,,,,,,,,
SørligeNordsjøI,Nordsøen,6,2,0.0,0.0,0.0,0.0,0.0,0.0,,,,,,,,,,,,,,
SørligeNordsjøI,Nordsøen,7,2,0.0,0.0,0.0,0.0,0.0,0.0,,,,,,,,,,,,,,
SørligeNordsjøI,Nordsøen,8,2,0.0,0.0,0.0,0.0,0.0,0.0,,,,,,,,,,,,,,
SørligeNordsjøI,Norfolk,1,2,0.0,0.0,0.0,0.0,0.0,0.0,,,,,,,,,,,,,,
SørligeNordsjøI,Norfolk,2,2,0.0,0.0,0.0,0.0,0.0,0.0,,,,,,,,,,,,,,
SørligeNordsjøI,Norfolk,3,2,0.0,0.0,0.0,0.0,0.0,0.0,,,,,,,,,,,,,,
SørligeNordsjøI,Norfolk,4,2,0.0,0.0,0.0,0.0,0.0,0.0,,,,,,,,,,,,,,
SørligeNordsjøI,Norfolk,5,2,0.0,0.0,0.0,0.0,0.0,0.0,,,,,,,,,,,,,,
SørligeNordsjøI,Norfolk,6,2,0.0,0.0,0.0,0.0,0.0,0.0,,,,,,,,,,,,,,
SørligeNordsjøI,Norfolk,7,2,0.0,0.0,0.0,0.0,0.0,0.0,,,,,,,,,,,,,,
SørligeNordsjøI,Norfolk,8,2,0.0,0.0,0.0,0.0,0.0,0.0,,,,,,,,,,,,,,
SørligeNordsjøI,OuterDowsing,1,2,0.0,0.0,0.0,0.0,0.0,0.0,,,,,,,,,,,,,,
SørligeNordsjøI,OuterDowsing,2,2,0.0,0.0,0.0,0.0,0.0,0.0,,,,,,,,,,,,,,
SørligeNordsjøI,OuterDowsing,3,2,0.0,0.0,0.0,0.0,0.0,0.0,,,,,,,,,,,,,,
SørligeNordsjøI,OuterDowsing,4,2,0.0,0.0,0.0,0.0,0.0,0.0,,,,,,,,,,,,,,
SørligeNordsjøI,OuterDowsing,5,2,0.0,0.0,0.0,0.0,0.0,0.0,,,,,,,,,,,,,,
SørligeNordsjøI,OuterDowsing,6,2,0.0,0.0,0.0,0.0,0.0,0.0,,,,,,,,,,,,,,
SørligeNordsjøI,OuterDowsing,7,2,0.0,0.0,0.0,0.0,0.0,0.0,,,,,,,,,,,,,,
SørligeNordsjøI,OuterDowsing,8,2,0.0,0.0,0.0,0.0,0.0,0.0,,,,,,,,,,,,,,
SørligeNordsjøI,UtsiraNord,1,2,0.0,0.0,0.0,0.0,0.0,0.0,,,,,,,,,,,,,,
SørligeNordsjøI,UtsiraNord,2,2,0.0,0.0,0.0,0.0,0.0,0.0,,,,,,,,,,,,,,
SørligeNordsjøI,UtsiraNord,3,2,0.0,0.0,0.0,0.0,0.0,0.0,,,,,,,,,,,,,,
SørligeNordsjøI,UtsiraNord,4,2,0.0,0.0,0.0,0.0,0.0,0.0,,,,,,,,,,,,,,
SørligeNordsjøI,UtsiraNord,5,2,0.0,0.0,0.0,0.0,0.0,0.0,,,,,,,,,,,,,,
SørligeNordsjøI,UtsiraNord,6,2,0.0,0.0,0.0,0.0,0.0,0.0,,,,,,,,,,,,,,
SørligeNordsjøI,UtsiraNord,7,2,0.0,0.0,0.0,0.0,0.0,0.0,,,,,,,,,,,,,,
SørligeNordsjøI,UtsiraNord,8,2,0.0,0.0,0.0,0.0,0.0,0.0,,,,,,,,,,,,,,
SørligeNordsjøII,Borssele,1,2,0.0,0.0,0.0,0.0,0.0,0.0,,,,,,,,,,,,,,
SørligeNordsjøII,Borssele,2,2,0.0,0.0,0.0,0.0,0.0,0.0,,,,,,,,,,,,,,
SørligeNordsjøII,Borssele,3,2,0.0,0.0,0.0,0.0,0.0,0.0,,,,,,,,,,,,,,
SørligeNordsjøII,Borssele,4,2,0.0,0.0,0.0,0.0,0.0,0.0,,,,,,,,,,,,,,
SørligeNordsjøII,Borssele,5,2,0.0,0.0,0.0,0.0,0.0,0.0,,,,,,,,,,,,,,
SørligeNordsjøII,Borssele,6,2,0.0,0.0,0.0,0.0,0.0,0.0,,,,,,,,,,,,,,
SørligeNordsjøII,Borssele,7,2,0.0,0.0,0.0,0.0,0.0,0.0,,,,,,,,,,,,,,
SørligeNordsjøII,Borssele,8,2,0.0,0.0,0.0,0.0,0.0,0.0,,,,,,,,,,,,,,
SørligeNordsjøII,DoggerBank,1,2,0.0,0.0,0.0,0.0,0.0,0.0,,,,,,,,,,,,,,
SørligeNordsjøII,DoggerBank,2,2,0.0,0.0,0.0,0.0,0.0,0.0,,,,,,,,,,,,,,
SørligeNordsjøII,DoggerBank,3,2,0.0,0.0,0.0,0.0,0.0,0.0,,,,,,,,,,,,,,
SørligeNordsjøII,DoggerBank,4,2,0.0,0.0,0.0,0.0,0.0,0.0,,,,,,,,,,,,,,
SørligeNordsjøII,DoggerBank,5,2,0.0,0.0,0.0,0.0,0.0,0.0,,,,,,,,,,,,,,
SørligeNordsjøII,DoggerBank,6,2,0.0,0.0,0.0,0.0,0.0,0.0,,,,,,,,,,,,,,
SørligeNordsjøII,DoggerBank,7,2,0.0,0.0,0.0,0.0,0.0,0.0,,,,,,,,,,,,,,
SørligeNordsjøII,DoggerBank,8,2,0.0,0.0,0.0,0.0,0.0,0.0,,,,,,,,,,,,,,
SørligeNordsjøII,EastAnglia,1,2,0.0,0.0,0.0,0.0,0.0,0.0,,,,,,,,,,,,,,
SørligeNordsjøII,EastAnglia,2,2,0.0,0.0,0.0,0.0,0.0,0.0,,,,,,,,,,,,,,
SørligeNordsjøII,EastAnglia,3,2,0.0,0.0,0.0,0.0,0.0,0.0,,,,,,,,,,,,,,
SørligeNordsjøII,EastAnglia,4,2,0.0,0.0,0.0,0.0,0.0,0.0,,,,,,,,,,,,,,
SørligeNordsjøII,EastAnglia,5,2,0.0,0.0,0.0,0.0,0.0,0.0,,,,,,,,,,,,,,
SørligeNordsjøII,EastAnglia,6,2,0.0,0.0,0.0,0.0,0.0,0.0,,,,,,,,,,,,,,
SørligeNordsjøII,EastAnglia,7,2,0.0,0.0,0.0,0.0,0.0,0.0,,,,,,,,,,,,,,
SørligeNordsjøII,EastAnglia,8,2,0.0,0.0,0.0,0.0,0.0,0.0,,,,,,,,,,,,,,
SørligeNordsjøII,FirthofForth,1,2,0.0,0.0,0.0,0.0,0.0,0.0,,,,,,,,,,,,,,
SørligeNordsjøII,FirthofForth,2,2,0.0,0.0,0.0,0.0,0.0,0.0,,,,,,,,,,,,,,
SørligeNordsjøII,FirthofForth,3,2,0.0,0.0,0.0,0.0,0.0,0.0,,,,,,,,,,,,,,
SørligeNordsjøII,FirthofForth,4,2,0.0,0.0,0.0,0.0,0.0,0.0,,,,,,,,,,,,,,
SørligeNordsjøII,FirthofForth,5,2,0.0,0.0,0.0,0.0,0.0,0.0,,,,,,,,,,,,,,
SørligeNordsjøII,FirthofForth,6,2,0.0,0.0,0.0,0.0,0.0,0.0,,,,,,,,,,,,,,
SørligeNordsjøII,FirthofForth,7,2,0.0,0.0,0.0,0.0,0.0,0.0,,,,,,,,,,,,,,
SørligeNordsjøII,FirthofForth,8,2,0.0,0.0,0.0,0.0,0.0,0.0,,,,,,,,,,,,,,
SørligeNordsjøII,HelgoländerBucht,1,2,0.0,0.0,0.0,0.0,0.0,0.0,,,,,,,,,,,,,,
SørligeNordsjøII,HelgoländerBucht,2,2,0.0,0.0,0.0,0.0,0.0,0.0,,,,,,,,,,,,,,
SørligeNordsjøII,HelgoländerBucht,3,2,0.0,0.0,0.0,0.0,0.0,0.0,,,,,,,,,,,,,,
SørligeNordsjøII,HelgoländerBucht,4,2,0.0,0.0,0.0,0.0,0.0,0.0,,,,,,,,,,,,,,
SørligeNordsjøII,HelgoländerBucht,5,2,0.0,0.0,0.0,0.0,0.0,0.0,,,,,,,,,,,,,,
SørligeNordsjøII,HelgoländerBucht,6,2,0.0,0.0,0.0,0.0,0.0,0.0,,,,,,,,,,,,,,
SørligeNordsjøII,HelgoländerBucht,7,2,0.0,0.0,0.0,0.0,0.0,0.0,,,,,,,,,,,,,,
SørligeNordsjøII,HelgoländerBucht,8,2,0.0,0.0,0.0,0.0,0.0,0.0,,,,,,,,,,,,,,
SørligeNordsjøII,HollandseeKust,1,2,0.0,0.0,0.0,0.0,0.0,0.0,,,,,,,,,,,,,,
SørligeNordsjøII,HollandseeKust,2,2,0.0,0.0,0.0,0.0,0.0,0.0,,,,,,,,,,,,,,
SørligeNordsjøII,HollandseeKust,3,2,0.0,0.0,0.0,0.0,0.0,0.0,,,,,,,,,,,,,,
SørligeNordsjøII,HollandseeKust,4,2,0.0,0.0,0.0,0.0,0.0,0.0,,,,,,,,,,,,,,
SørligeNordsjøII,HollandseeKust,5,2,0.0,0.0,0.0,0.0,0.0,0.0,,,,,,,,,,,,,,
SørligeNordsjøII,HollandseeKust,6,2,0.0,0.0,0.0,0.0,0.0,0.0,,,,,,,,,,,,,,
SørligeNordsjøII,HollandseeKust,7,2,0.0,0.0,0.0,0.0,0.0,0.0,,,,,,,,,,,,,,
SørligeNordsjøII,HollandseeKust,8,2,0.0,0.0,0.0,0.0,0.0,0.0,,,,,,,,,,,,,,
SørligeNordsjøII,Hornsea,1,2,0.0,0.0,0.0,0.0,0.0,0.0,,,,,,,,,,,,,,
SørligeNordsjøII,Hornsea,2,2,0.0,0.0,0.0,0.0,0.0,0.0,,,,,,,,,,,,,,
SørligeNordsjøII,Hornsea,3,2,0.0,0.0,0.0,0.0,0.0,0.0,,,,,,,,,,,,,,
SørligeNordsjøII,Hornsea,4,2,0.0,0.0,0.0,0.0,0.0,0.0,,,,,,,,,,,,,,
SørligeNordsjøII,Hornsea,5,2,0.0,0.0,0.0,0.0,0.0,0.0,,,,,,,,,,,,,,
SørligeNordsjøII,Hornsea,6,2,0.0,0.0,0.0,0.0,0.0,0.0,,,,,,,,,,,,,,
SørligeNordsjøII,Hornsea,7,2,0.0,0.0,0.0,0.0,0.0,0.0,,,,,,,,,,,,,,
SørligeNordsjøII,Hornsea,8,2,0.0,0.0,0.0,0.0,0.0,0.0,,,,,,,,,,,,,,
SørligeNordsjøII,MorayFirth,1,2,0.0,0.0,0.0,0.0,0.0,0.0,,,,,,,,,,,,,,
SørligeNordsjøII,MorayFirth,2,2,0.0,0.0,0.0,0.0,0.0,0.0,,,,,,,,,,,,,,
SørligeNordsjøII,MorayFirth,3,2,0.0,0.0,0.0,0.0,0.0,0.0,,,,,,,,,,,,,,
SørligeNordsjøII,MorayFirth,4,2,0.0,0.0,0.0,0.0,0.0,0.0,,,,,,,,,,,,,,
SørligeNordsjøII,MorayFirth,5,2,0.0,0.0,0.0,0.0,0.0,0.0,,,,,,,,,,,,,,
SørligeNordsjøII,MorayFirth,6,2,0.0,0.0,0.0,0.0,0.0,0.0,,,,,,,,,,,,,,
SørligeNordsjøII,MorayFirth,7,2,0.0,0.0,0.0,0.0,0.0,0.0,,,,,,,,,,,,,,
SørligeNordsjøII,MorayFirth,8,2,0.0,0.0,0.0,0.0,0.0,0.0,,,,,,,,,,,,,,
SørligeNordsjøII,NO2,1,1,0.0,0.0,50000.0,50000.0,0.0,0.0,,,,,,,,,,,,,,
SørligeNordsjøII,NO2,2,1,0.0,0.0,50000.0,50000.0,0.0,0.0,,,,,,,,,,,,,,
SørligeNordsjøII,NO2,3,1,0.0,0.0,50000.0,50000.0,0.0,0.0,,,,,,,,,,,,,,
SørligeNordsjøII,NO2,4,1,0.0,0.0,50000.0,50000.0,0.0,0.0,,,,,,,,,,,,,,
SørligeNordsjøII,NO2,5,1,0.0,0.0,50000.0,50000.0,0.0,0.0,,,,,,,,,,,,,,
SørligeNordsjøII,NO2,6,1,0.0,0.0,50000.0,50000.0,0.0,0.0,,,,,,,,,,,,,,
SørligeNordsjøII,NO2,7,1,0.0,0.0,50000.0,50000.0,0.0,0.0,,,,,,,,,,,,,,
SørligeNordsjøII,NO2,8,1,0.0,0.0,50000.0,50000.0,0.0,0.0,,,,,,,,,,,,,,
SørligeNordsjøII,Nordsøen,1,2,0.0,0.0,0.0,0.0,0.0,0.0,,,,,,,,,,,,,,
SørligeNordsjøII,Nordsøen,2,2,0.0,0.0,0.0,0.0,0.0,0.0,,,,,,,,,,,,,,
SørligeNordsjøII,Nordsøen,3,2,0.0,0.0,0.0,0.0,0.0,0.0,,,,,,,,,,,,,,
SørligeNordsjøII,Nordsøen,4,2,0.0,0.0,0.0,0.0,0.0,0.0,,,,,,,,,,,,,,
SørligeNordsjøII,Nordsøen,5,2,0.0,0.0,0.0,0.0,0.0,0.0,,,,,,,,,,,,,,
SørligeNordsjøII,Nordsøen,6,2,0.0,0.0,0.0,0.0,0.0,0.0,,,,,,,,,,,,,,
SørligeNordsjøII,Nordsøen,7,2,0.0,0.0,0.0,0.0,0.0,0.0,,,,,,,,,,,,,,
SørligeNordsjøII,Nordsøen,8,2,0.0,0.0,0.0,0.0,0.0,0.0,,,,,,,,,,,,,,
SørligeNordsjøII,Norfolk,1,2,0.0,0.0,0.0,0.0,0.0,0.0,,,,,,,,,,,,,,
SørligeNordsjøII,Norfolk,2,2,0.0,0.0,0.0,0.0,0.0,0.0,,,,,,,,,,,,,,
SørligeNordsjøII,Norfolk,3,2,0.0,0.0,0.0,0.0,0.0,0.0,,,,,,,,,,,,,,
SørligeNordsjøII,Norfolk,4,2,0.0,0.0,0.0,0.0,0.0,0.0,,,,,,,,,,,,,,
SørligeNordsjøII,Norfolk,5,2,0.0,0.0,0.0,0.0,0.0,0.0,,,,,,,,,,,,,,
SørligeNordsjøII,Norfolk,6,2,0.0,0.0,0.0,0.0,0.0,0.0,,,,,,,,,,,,,,
SørligeNordsjøII,Norfolk,7,2,0.0,0.0,0.0,0.0,0.0,0.0,,,,,,,,,,,,,,
SørligeNordsjøII,Norfolk,8,2,0.0,0.0,0.0,0.0,0.0,0.0,,,,,,,,,,,,,,
SørligeNordsjøII,OuterDowsing,1,2,0.0,0.0,0.0,0.0,0.0,0.0,,,,,,,,,,,,,,
SørligeNordsjøII,OuterDowsing,2,2,0.0,0.0,0.0,0.0,0.0,0.0,,,,,,,,,,,,,,
SørligeNordsjøII,OuterDowsing,3,2,0.0,0.0,0.0,0.0,0.0,0.0,,,,,,,,,,,,,,
SørligeNordsjøII,OuterDowsing,4,2,0.0,0.0,0.0,0.0,0.0,0.0,,,,,,,,,,,,,,
SørligeNordsjøII,OuterDowsing,5,2,0.0,0.0,0.0,0.0,0.0,0.0,,,,,,,,,,,,,,
SørligeNordsjøII,OuterDowsing,6,2,0.0,0.0,0.0,0.0,0.0,0.0,,,,,,,,,,,,,,
SørligeNordsjøII,OuterDowsing,7,2,0.0,0.0,0.0,0.0,0.0,0.0,,,,,,,,,,,,,,
SørligeNordsjøII,OuterDowsing,8,2,0.0,0.0,0.0,0.0,0.0,0.0,,,,,,,,,,,,,,
SørligeNordsjøII,SørligeNordsjøI,1,2,0.0,0.0,0.0,0.0,0.0,0.0,,,,,,,,,,,,,,
SørligeNordsjøII,SørligeNordsjøI,2,2,0.0,0.0,0.0,0.0,0.0,0.0,,,,,,,,,,,,,,
SørligeNordsjøII,SørligeNordsjøI,3,2,0.0,0.0,0.0,0.0,0.0,0.0,,,,,,,,,,,,,,
SørligeNordsjøII,SørligeNordsjøI,4,2,0.0,0.0,0.0,0.0,0.0,0.0,,,,,,,,,,,,,,
SørligeNordsjøII,SørligeNordsjøI,5,2,0.0,0.0,0.0,0.0,0.0,0.0,,,,,,,,,,,,,,
SørligeNordsjøII,SørligeNordsjøI,6,2,0.0,0.0,0.0,0.0,0.0,0.0,,,,,,,,,,,,,,
SørligeNordsjøII,SørligeNordsjøI,7,2,0.0,0.0,0.0,0.0,0.0,0.0,,,,,,,,,,,,,,
SørligeNordsjøII,SørligeNordsjøI,8,2,0.0,0.0,0.0,0.0,0.0,0.0,,,,,,,,,,,,,,
SørligeNordsjøII,UtsiraNord,1,2,0.0,0.0,0.0,0.0,0.0,0.0,,,,,,,,,,,,,,
SørligeNordsjøII,UtsiraNord,2,2,0.0,0.0,0.0,0.0,0.0,0.0,,,,,,,,,,,,,,
SørligeNordsjøII,UtsiraNord,3,2,0.0,0.0,0.0,0.0,0.0,0.0,,,,,,,,,,,,,,
SørligeNordsjøII,UtsiraNord,4,2,0.0,0.0,0.0,0.0,0.0,0.0,,,,,,,,,,,,,,
SørligeNordsjøII,UtsiraNord,5,2,0.0,0.0,0.0,0.0,0.0,0.0,,,,,,,,,,,,,,
SørligeNordsjøII,UtsiraNord,6,2,0.0,0.0,0.0,0.0,0.0,0.0,,,,,,,,,,,,,,
SørligeNordsjøII,UtsiraNord,7,2,0.0,0.0,0.0,0.0,0.0,0.0,,,,,,,,,,,,,,
SørligeNordsjøII,UtsiraNord,8,2,0.0,0.0,0.0,0.0,0.0,0.0,,,,,,,,,,,,,,
Sweden,Denmark,1,0,2210.0,0.0,2210.0,2210.0,0.0,0.0,,,,,,,,,,,,,,
Sweden,Denmark,2,0,2210.0,0.0,3559.2271000000014,3559.2271000000014,2770.0,5010.0,,,,,,,,,,,,,,
Sweden,Denmark,3,0,2210.0,0.0,5732.170836821004,5732.170836821004,3671.8856000000005,8510.0,,,,,,,,,,,,,,
Sweden,Denmark,4,0,2210.0,0.0,9231.718454408598,9231.718454408598,5124.381377656002,12710.0,,,,,,,,,,,,,,
Sweden,Denmark,5,0,2210.0,0.0,14867.774888009595,14867.774888009595,7463.640352528769,15470.0,,,,,,,,,,,,,,
Sweden,Denmark,6,0,2210.0,0.0,23944.700134888342,15470.0,11231.04032415111,15470.0,,,,,,,,,,,,,,
Sweden,Denmark,7,0,2210.0,0.0,38563.17901423904,15470.0,15470.0,15470.0,,,,,,,,,,,,,,
Sweden,Denmark,8,0,2210.0,0.0,62106.38543422213,15470.0,15470.0,15470.0,,,,,,,,,,,,,,
Sweden,Estonia,1,0,0.0,0.0,0.0,0.0,0.0,0.0,,,,,,,,,,,,,,
Sweden,Estonia,2,0,0.0,0.0,0.0,560.0,560.0,2800.0,,,,,,,,,,,,,,
Sweden,Estonia,3,0,0.0,0.0,0.0,1461.8856000000003,1461.8856000000003,6300.0,,,,,,,,,,,,,,
Sweden,Estonia,4,0,0.0,0.0,0.0,2914.381377656001,2914.381377656001,9800.0,,,,,,,,,,,,,,
Sweden,Estonia,5,0,0.0,0.0,0.0,5253.640352528768,5253.640352528768,9800.0,,,,,,,,,,,,,,
Sweden,Estonia,6,0,0.0,0.0,0.0,9021.040324151109,9021.040324151109,9800.0,,,,,,,,,,,,,,
Sweden,Estonia,7,0,0.0,0.0,0.0,9800.0,9800.0,9800.0,,,,,,,,,,,,,,
Sweden,Estonia,8,0,0.0,0.0,0.0,9800.0,9800.0,9800.0,,,,,,,,,,,,,,
Sweden,Finland,1,0,2500.0,0.0,2500.0,2500.0,0.0,0.0,,,,,,,,,,,,,,
Sweden,Finland,2,0,2500.0,800.0,4026.2750000000015,4026.2750000000015,3060.0,5300.0,,,,,,,,,,,,,,
Sweden,Finland,3,0,2500.0,800.0,6484.356150250004,6484.356150250004,3961.8856000000005,8800.0,,,,,,,,,,,,,,
Sweden,Finland,4,0,2500.0,800.0,10443.120423539138,10443.120423539138,5414.381377656002,13000.0,,,,,,,,,,,,,,
Sweden,Finland,5,0,2500.0,800.0,16818.749873314024,16818.749873314024,7753.640352528769,17500.0,,,,,,,,,,,,,,
Sweden,Finland,6,0,2500.0,800.0,27086.76485847098,17500.0,11521.04032415111,17500.0,,,,,,,,,,,,,,
Sweden,Finland,7,0,2500.0,800.0,43623.50567221611,17500.0,17121.04032415111,17500.0,,,,,,,,,,,,,,
Sweden,Finland,8,0,2500.0,800.0,70256.09212016079,17500.0,17500.0,17500.0,,,,,,,,,,,,,,
Sweden,Germany,1,0,600.0,0.0,600.0,600.0,0.0,0.0,,,,,,,,,,,,,,
Sweden,Germany,2,0,600.0,700.0,1300.0,1300.0,1160.0,3400.0,,,,,,,,,,,,,,
Sweden,Germany,3,0,600.0,700.0,2093.663000000001,2093.663000000001,2061.8856000000005,4200.0,,,,,,,,,,,,,,
Sweden,Germany,4,0,600.0,700.0,3371.8651981300027,3514.3813776560014,3514.3813776560014,4200.0,,,,,,,,,,,,,,
Sweden,Germany,5,0,600.0,700.0,5430.422620240352,4200.0,4200.0,4200.0,,,,,,,,,,,,,,
Sweden,Germany,6,0,600.0,700.0,8745.749934123292,4200.0,4200.0,4200.0,,,,,,,,,,,,,,
Sweden,Germany,7,0,600.0,700.0,14085.11772640491,4200.0,4200.0,4200.0,,,,,,,,,,,,,,
Sweden,Germany,8,0,600.0,700.0,22684.22294955238,4200.0,4200.0,4200.0,,,,,,,,,,,,,,
Sweden,Latvia,1,0,0.0,0.0,0.0,0.0,0.0,0.0,,,,,,,,,,,,,,
Sweden,Latvia,2,0,0.0,0.0,0.0,560.0,560.0,2800.0,,,,,,,,,,,,,,
Sweden,Latvia,3,0,0.0,0.0,0.0,1461.8856000000003,1461.8856000000003,6300.0,,,,,,,,,,,,,,
Sweden,Latvia,4,0,0.0,0.0,0.0,2914.381377656001,2914.381377656001,9800.0,,,,,,,,,,,,,,
Sweden,Latvia,5,0,0.0,0.0,0.0,5253.640352528768,5253.640352528768,9800.0,,,,,,,,,,,,,,
Sweden,Latvia,6,0,0.0,0.0,0.0,9021.040324151109,9021.040324151109,9800.0,,,,,,,,,,,,,,
Sweden,Latvia,7,0,0.0,0.0,0.0,9800.0,9800.0,9800.0,,,,,,,,,,,,,,
Sweden,Latvia,8,0,0.0,0.0,0.0,9800.0,9800.0,9800.0,,,,,,,,,,,,,,
Sweden,Lithuania,1,0,700.0,0.0,700.0,700.0,0.0,0.0,,,,,,,,,,,,,,
Sweden,Lithuania,2,0,700.0,0.0,1127.3570000000004,1260.0,1260.0,3500.0,,,,,,,,,,,,,,
Sweden,Lithuania,3,0,700.0,0.0,1815.6197220700012,2161.8856000000005,2161.8856000000005,4900.0,,,,,,,,,,,,,,
Sweden,Lithuania,4,0,700.0,0.0,2924.073718590959,3614.3813776560014,3614.3813776560014,4900.0,,,,,,,,,,,,,,
Sweden,Lithuania,5,0,700.0,0.0,4709.249964527927,4900.0,4900.0,4900.0,,,,,,,,,,,,,,
Sweden,Lithuania,6,0,700.0,0.0,7584.294160371874,4900.0,4900.0,4900.0,,,,,,,,,,,,,,
Sweden,Lithuania,7,0,700.0,0.0,12214.58158822051,4900.0,4900.0,4900.0,,,,,,,,,,,,,,
Sweden,Lithuania,8,0,700.0,0.0,19671.70579364502,4900.0,4900.0,4900.0,,,,,,,,,,,,,,
Sweden,NO1,1,0,2145.0,0.0,2145.0,2145.0,0.0,0.0,,,,,,,,,,,,,,
Sweden,NO1,2,0,2145.0,0.0,3454.543950000001,3454.543950000001,2705.0,4945.0,,,,,,,,,,,,,,
Sweden,NO1,3,0,2145.0,0.0,5563.577576914504,5563.577576914504,3606.8856000000005,8445.0,,,,,,,,,,,,,,
Sweden,NO1,4,0,2145.0,0.0,8960.19732339658,8960.19732339658,5059.381377656002,12645.0,,,,,,,,,,,,,,
Sweden,NO1,5,0,2145.0,0.0,14430.487391303432,14430.487391303432,7398.640352528769,15015.0,,,,,,,,,,,,,,
Sweden,NO1,6,0,2145.0,0.0,23240.4442485681,15015.0,11166.04032415111,15015.0,,,,,,,,,,,,,,
Sweden,NO1,7,0,2145.0,0.0,37428.96786676142,15015.0,15015.0,15015.0,,,,,,,,,,,,,,
Sweden,NO1,8,0,2145.0,0.0,60279.727039097954,15015.0,15015.0,15015.0,,,,,,,,,,,,,,
Sweden,NO3,1,0,650.0,0.0,650.0,650.0,0.0,0.0,,,,,,,,,,,,,,
Sweden,NO3,2,0,650.0,0.0,1046.8315000000005,1210.0,1210.0,3450.0,,,,,,,,,,,,,,
Sweden,NO3,3,0,650.0,0.0,1685.9325990650013,2111.8856000000005,2111.8856000000005,4550.0,,,,,,,,,,,,,,
Sweden,NO3,4,0,650.0,0.0,2715.211310120176,3564.3813776560014,3564.3813776560014,4550.0,,,,,,,,,,,,,,
Sweden,NO3,5,0,650.0,0.0,4372.874967061646,4550.0,4550.0,4550.0,,,,,,,,,,,,,,
Sweden,NO3,6,0,650.0,0.0,7042.558863202455,4550.0,4550.0,4550.0,,,,,,,,,,,,,,
Sweden,NO3,7,0,650.0,0.0,11342.11147477619,4550.0,4550.0,4550.0,,,,,,,,,,,,,,
Sweden,NO3,8,0,650.0,0.0,18266.583951241806,4550.0,4550.0,4550.0,,,,,,,,,,,,,,
Sweden,NO4,1,0,900.0,0.0,900.0,900.0,0.0,0.0,,,,,,,,,,,,,,
Sweden,NO4,2,0,900.0,0.0,1449.4590000000005,1460.0,1460.0,3700.0,,,,,,,,,,,,,,
Sweden,NO4,3,0,900.0,0.0,2334.368214090002,2361.8856000000005,2361.8856000000005,6300.0,,,,,,,,,,,,,,
Sweden,NO4,4,0,900.0,0.0,3759.52335247409,3814.3813776560014,3814.3813776560014,6300.0,,,,,,,,,,,,,,
Sweden,NO4,5,0,900.0,0.0,6054.749954393049,6153.640352528768,6153.640352528768,6300.0,,,,,,,,,,,,,,
Sweden,NO4,6,0,900.0,0.0,9751.235349049553,6300.0,6300.0,6300.0,,,,,,,,,,,,,,
Sweden,NO4,7,0,900.0,0.0,15704.462041997802,6300.0,6300.0,6300.0,,,,,,,,,,,,,,
Sweden,NO4,8,0,900.0,0.0,25292.19316325789,6300.0,6300.0,6300.0,,,,,,,,,,,,,,
Sweden,Poland,1,0,600.0,0.0,600.0,600.0,0.0,0.0,,,,,,,,,,,,,,
Sweden,Poland,2,0,600.0,0.0,966.3060000000004,1160.0,1160.0,3400.0,,,,,,,,,,,,,,
Sweden,Poland,3,0,600.0,0.0,1556.2454760600012,2061.8856000000005,2061.8856000000005,4200.0,,,,,,,,,,,,,,
Sweden,Poland,4,0,600.0,0.0,2506.3489016493936,3514.3813776560014,3514.3813776560014,4200.0,,,,,,,,,,,,,,
Sweden,Poland,5,0,600.0,0.0,4036.499969595366,4200.0,4200.0,4200.0,,,,,,,,,,,,,,
Sweden,Poland,6,0,600.0,0.0,6500.823566033036,4200.0,4200.0,4200.0,,,,,,,,,,,,,,
Sweden,Poland,7,0,600.0,0.0,10469.641361331867,4200.0,4200.0,4200.0,,,,,,,,,,,,,,
Sweden,Poland,8,0,600.0,0.0,16861.46210883859,4200.0,4200.0,4200.0,,,,,,,,,,,,,,
Switzerland,Austria,1,0,1400.0,0.0,1400.0,1400.0,0.0,0.0,,,,,,,,,,,,,,
Switzerland,Austria,2,0,1400.0,500.0,2254.714000000001,2254.714000000001,1960.0,4200.0,,,,,,,,,,,,,,
Switzerland,Austria,3,0,1400.0,500.0,3631.2394441400024,3631.2394441400024,2861.8856000000005,7700.0,,,,,,,,,,,,,,
Switzerland,Austria,4,0,1400.0,500.0,5848.147437181918,5848.147437181918,4314.381377656002,9800.0,,,,,,,,,,,,,,
Switzerland,Austria,5,0,1400.0,500.0,9418.499929055853,9418.499929055853,6653.640352528769,9800.0,,,,,,,,,,,,,,
Switzerland,Austria,6,0,1400.0,500.0,15168.588320743747,9800.0,9800.0,9800.0,,,,,,,,,,,,,,
Switzerland,Austria,7,0,1400.0,500.0,24429.16317644102,9800.0,9800.0,9800.0,,,,,,,,,,,,,,
Switzerland,Austria,8,0,1400.0,500.0,39343.41158729004,9800.0,9800.0,9800.0,,,,,,,,,,,,,,
UtsiraNord,Borssele,1,2,0.0,0.0,0.0,0.0,0.0,0.0,,,,,,,,,,,,,,
UtsiraNord,Borssele,2,2,0.0,0.0,0.0,0.0,0.0,0.0,,,,,,,,,,,,,,
UtsiraNord,Borssele,3,2,0.0,0.0,0.0,0.0,0.0,0.0,,,,,,,,,,,,,,
UtsiraNord,Borssele,4,2,0.0,0.0,0.0,0.0,0.0,0.0,,,,,,,,,,,,,,
UtsiraNord,Borssele,5,2,0.0,0.0,0.0,0.0,0.0,0.0,,,,,,,,,,,,,,
UtsiraNord,Borssele,6,2,0.0,0.0,0.0,0.0,0.0,0.0,,,,,,,,,,,,,,
UtsiraNord,Borssele,7,2,0.0,0.0,0.0,0.0,0.0,0.0,,,,,,,,,,,,,,
UtsiraNord,Borssele,8,2,0.0,0.0,0.0,0.0,0.0,0.0,,,,,,,,,,,,,,
UtsiraNord,DoggerBank,1,2,0.0,0.0,0.0,0.0,0.0,0.0,,,,,,,,,,,,,,
UtsiraNord,DoggerBank,2,2,0.0,0.0,0.0,0.0,0.0,0.0,,,,,,,,,,,,,,
UtsiraNord,DoggerBank,3,2,0.0,0.0,0.0,0.0,0.0,0.0,,,,,,,,,,,,,,
UtsiraNord,DoggerBank,4,2,0.0,0.0,0.0,0.0,0.0,0.0,,,,,,,,,,,,,,
UtsiraNord,DoggerBank,5,2,0.0,0.0,0.0,0.0,0.0,0.0,,,,,,,,,,,,,,
UtsiraNord,DoggerBank,6,2,0.0,0.0,0.0,0.0,0.0,0.0,,,,,,,,,,,,,,
UtsiraNord,DoggerBank,7,2,0.0,0.0,0.0,0.0,0.0,0.0,,,,,,,,,,,,,,
UtsiraNord,DoggerBank,8,2,0.0,0.0,0.0,0.0,0.0,0.0,,,,,,,,,,,,,,
UtsiraNord,EastAnglia,1,2,0.0,0.0,0.0,0.0,0.0,0.0,,,,,,,,,,,,,,
UtsiraNord,EastAnglia,2,2,0.0,0.0,0.0,0.0,0.0,0.0,,,,,,,,,,,,,,
UtsiraNord,EastAnglia,3,2,0.0,0.0,0.0,0.0,0.0,0.0,,,,,,,,,,,,,,
UtsiraNord,EastAnglia,4,2,0.0,0.0,0.0,0.0,0.0,0.0,,,,,,,,,,,,,,
UtsiraNord,EastAnglia,5,2,0.0,0.0,0.0,0.0,0.0,0.0,,,,,,,,,,,,,,
UtsiraNord,EastAnglia,6,2,0.0,0.0,0.0,0.0,0.0,0.0,,,,,,,,,,,,,,
UtsiraNord,EastAnglia,7,2,0.0,0.0,0.0,0.0,0.0,0.0,,,,,,,,,,,,,,
UtsiraNord,EastAnglia,8,2,0.0,0.0,0.0,0.0,0.0,0.0,,,,,,,,,,,,,,
UtsiraNord,FirthofForth,1,2,0.0,0.0,0.0,0.0,0.0,0.0,,,,,,,,,,,,,,
UtsiraNord,FirthofForth,2,2,0.0,0.0,0.0,0.0,0.0,0.0,,,,,,,,,,,,,,
UtsiraNord,FirthofForth,3,2,0.0,0.0,0.0,0.0,0.0,0.0,,,,,,,,,,,,,,
UtsiraNord,FirthofForth,4,2,0.0,0.0,0.0,0.0,0.0,0.0,,,,,,,,,,,,,,
UtsiraNord,FirthofForth,5,2,0.0,0.0,0.0,0.0,0.0,0.0,,,,,,,,,,,,,,
UtsiraNord,FirthofForth,6,2,0.0,0.0,0.0,0.0,0.0,0.0,,,,,,,,,,,,,,
UtsiraNord,FirthofForth,7,2,0.0,0.0,0.0,0.0,0.0,0.0,,,,,,,,,,,,,,
UtsiraNord,FirthofForth,8,2,0.0,0.0,0.0,0.0,0.0,0.0,,,,,,,,,,,,,,
UtsiraNord,HelgoländerBucht,1,2,0.0,0.0,0.0,0.0,0.0,0.0,,,,,,,,,,,,,,
UtsiraNord,HelgoländerBucht,2,2,0.0,0.0,0.0,0.0,0.0,0.0,,,,,,,,,,,,,,
UtsiraNord,HelgoländerBucht,3,2,0.0,0.0,0.0,0.0,0.0,0.0,,,,,,,,,,,,,,
UtsiraNord,HelgoländerBucht,4,2,0.0,0.0,0.0,0.0,0.0,0.0,,,,,,,,,,,,,,
UtsiraNord,HelgoländerBucht,5,2,0.0,0.0,0.0,0.0,0.0,0.0,,,,,,,,,,,,,,
UtsiraNord,HelgoländerBucht,6,2,0.0,0.0,0.0,0.0,0.0,0.0,,,,,,,,,,,,,,
UtsiraNord,HelgoländerBucht,7,2,0.0,0.0,0.0,0.0,0.0,0.0,,,,,,,,,,,,,,
UtsiraNord,HelgoländerBucht,8,2,0.0,0.0,0.0,0.0,0.0,0.0,,,,,,,,,,,,,,
UtsiraNord,HollandseeKust,1,2,0.0,0.0,0.0,0.0,0.0,0.0,,,,,,,,,,,,,,
UtsiraNord,HollandseeKust,2,2,0.0,0.0,0.0,0.0,0.0,0.0,,,,,,,,,,,,,,
UtsiraNord,HollandseeKust,3,2,0.0,0.0,0.0,0.0,0.0,0.0,,,,,,,,,,,,,,
UtsiraNord,HollandseeKust,4,2,0.0,0.0,0.0,0.0,0.0,0.0,,,,,,,,,,,,,,
UtsiraNord,HollandseeKust,5,2,0.0,0.0,0.0,0.0,0.0,0.0,,,,,,,,,,,,,,
UtsiraNord,HollandseeKust,6,2,0.0,0.0,0.0,0.0,0.0,0.0,,,,,,,,,,,,,,
UtsiraNord,HollandseeKust,7,2,0.0,0.0,0.0,0.0,0.0,0.0,,,,,,,,,,,,,,
UtsiraNord,HollandseeKust,8,2,0.0,0.0,0.0,0.0,0.0,0.0,,,,,,,,,,,,,,
UtsiraNord,Hornsea,1,2,0.0,0.0,0.0,0.0,0.0,0.0,,,,,,,,,,,,,,
UtsiraNord,Hornsea,2,2,0.0,0.0,0.0,0.0,0.0,0.0,,,,,,,,,,,,,,
UtsiraNord,Hornsea,3,2,0.0,0.0,0.0,0.0,0.0,0.0,,,,,,,,,,,,,,
UtsiraNord,Hornsea,4,2,0.0,0.0,0.0,0.0,0.0,0.0,,,,,,,,,,,,,,
UtsiraNord,Hornsea,5,2,0.0,0.0,0.0,0.0,0.0,0.0,,,,,,,,,,,,,,
UtsiraNord,Hornsea,6,2,0.0,0.0,0.0,0.0,0.0,0.0,,,,,,,,,,,,,,
UtsiraNord,Hornsea,7,2,0.0,0.0,0.0,0.0,0.0,0.0,,,,,,,,,,,,,,
UtsiraNord,Hornsea,8,2,0.0,0.0,0.0,0.0,0.0,0.0,,,,,,,,,,,,,,
UtsiraNord,MorayFirth,1,2,0.0,0.0,0.0,0.0,0.0,0.0,,,,,,,,,,,,,,
UtsiraNord,MorayFirth,2,2,0.0,0.0,0.0,0.0,0.0,0.0,,,,,,,,,,,,,,
UtsiraNord,MorayFirth,3,2,0.0,0.0,0.0,0.0,0.0,0.0,,,,,,,,,,,,,,
UtsiraNord,MorayFirth,4,2,0.0,0.0,0.0,0.0,0.0,0.0,,,,,,,,,,,,,,
UtsiraNord,MorayFirth,5,2,0.0,0.0,0.0,0.0,0.0,0.0,,,,,,,,,,,,,,
UtsiraNord,MorayFirth,6,2,0.0,0.0,0.0,0.0,0.0,0.0,,,,,,,,,,,,,,
UtsiraNord,MorayFirth,7,2,0.0,0.0,0.0,0.0,0.0,0.0,,,,,,,,,,,,,,
UtsiraNord,MorayFirth,8,2,0.0,0.0,0.0,0.0,0.0,0.0,,,,,,,,,,,,,,
UtsiraNord,NO2,1,1,0.0,0.0,50000.0,50000.0,0.0,0.0,,,,,,,,,,,,,,
UtsiraNord,NO2,2,1,0.0,0.0,50000.0,50000.0,0.0,0.0,,,,,,,,,,,,,,
UtsiraNord,NO2,3,1,0.0,0.0,50000.0,50000.0,0.0,0.0,,,,,,,,,,,,,,
UtsiraNord,NO2,4,1,0.0,0.0,50000.0,50000.0,0.0,0.0,,,,,,,,,,,,,,
UtsiraNord,NO2,5,1,0.0,0.0,50000.0,50000.0,0.0,0.0,,,,,,,,,,,,,,
UtsiraNord,NO2,6,1,0.0,0.0,50000.0,50000.0,0.0,0.0,,,,,,,,,,,,,,
UtsiraNord,NO2,7,1,0.0,0.0,50000.0,50000.0,0.0,0.0,,,,,,,,,,,,,,
UtsiraNord,NO2,8,1,0.0,0.0,50000.0,50000.0,0.0,0.0,,,,,,,,,,,,,,
UtsiraNord,Nordsøen,1,2,0.0,0.0,0.0,0.0,0.0,0.0,,,,,,,,,,,,,,
UtsiraNord,Nordsøen,2,2,0.0,0.0,0.0,0.0,0.0,0.0,,,,,,,,,,,,,,
UtsiraNord,Nordsøen,3,2,0.0,0.0,0.0,0.0,0.0,0.0,,,,,,,,,,,,,,
UtsiraNord,Nordsøen,4,2,0.0,0.0,0.0,0.0,0.0,0.0,,,,,,,,,,,,,,
UtsiraNord,Nordsøen,5,2,0.0,0.0,0.0,0.0,0.0,0.0,,,,,,,,,,,,,,
UtsiraNord,Nordsøen,6,2,0.0,0.0,0.0,0.0,0.0,0.0,,,,,,,,,,,,,,
UtsiraNord,Nordsøen,7,2,0.0,0.0,0.0,0.0,0.0,0.0,,,,,,,,,,,,,,
UtsiraNord,Nordsøen,8,2,0.0,0.0,0.0,0.0,0.0,0.0,,,,,,,,,,,,,,
UtsiraNord,Norfolk,1,2,0.0,0.0,0.0,0.0,0.0,0.0,,,,,,,,,,,,,,
UtsiraNord,Norfolk,2,2,0.0,0.0,0.0,0.0,0.0,0.0,,,,,,,,,,,,,,
UtsiraNord,Norfolk,3,2,0.0,0.0,0.0,0.0,0.0,0.0,,,,,,,,,,,,,,
UtsiraNord,Norfolk,4,2,0.0,0.0,0.0,0.0,0.0,0.0,,,,,,,,,,,,,,
UtsiraNord,Norfolk,5,2,0.0,0.0,0.0,0.0,0.0,0.0,,,,,,,,,,,,,,
UtsiraNord,Norfolk,6,2,0.0,0.0,0.0,0.0,0.0,0.0,,,,,,,,,,,,,,
UtsiraNord,Norfolk,7,2,0.0,0.0,0.0,0.0,0.0,0.0,,,,,,,,,,,,,,
UtsiraNord,Norfolk,8,2,0.0,0.0,0.0,0.0,0.0,0.0,,,,,,,,,,,,,,
UtsiraNord,OuterDowsing,1,2,0.0,0.0,0.0,0.0,0.0,0.0,,,,,,,,,,,,,,
UtsiraNord,OuterDowsing,2,2,0.0,0.0,0.0,0.0,0.0,0.0,,,,,,,,,,,,,,
UtsiraNord,OuterDowsing,3,2,0.0,0.0,0.0,0.0,0.0,0.0,,,,,,,,,,,,,,
UtsiraNord,OuterDowsing,4,2,0.0,0.0,0.0,0.0,0.0,0.0,,,,,,,,,,,,,,
UtsiraNord,OuterDowsing,5,2,0.0,0.0,0.0,0.0,0.0,0.0,,,,,,,,,,,,,,
UtsiraNord,OuterDowsing,6,2,0.0,0.0,0.0,0.0,0.0,0.0,,,,,,,,,,,,,,
UtsiraNord,OuterDowsing,7,2,0.0,0.0,0.0,0.0,0.0,0.0,,,,,,,,,,,,,,
UtsiraNord,OuterDowsing,8,2,0.0,0.0,0.0,0.0,0.0,0.0,,,,,,,,,,,,,,
